10-03-2025,20,Ongole - I,18,2230.3,280,,,,,,
10-03-2025,22,Podili - I,27,3583.2,280,,,,,,
10-03-2025,25,Kondepi,18,2429.6,279.86,,,,,,
10-03-2025,26,Kandukur - I,18,2332.2,280,,,,,,
11-03-2025,20,Ongole - I,33,4181.2,277.81,,,,,,
11-03-2025,22,Podili - I,40,5285.6,279.73,,,,,,
11-03-2025,25,Kondepi,25,3250.8,279.05,,,,,,
11-03-2025,26,Kandukur - I,26,3279.1,279.43,,,,,,
12-03-2025,20,Ongole - I,78,9965.7,276.6,,,,,,
12-03-2025,22,Podili - I,69,8904.3,276.2,,,,,,
12-03-2025,25,Kondepi,74,9566.2,276.5,,,,,,
12-03-2025,26,Kandukur - I,67,8834.9,277.05,,,,,,
13-03-2025,20,Ongole - I,85,11134,277.91,,,,,,
13-03-2025,22,Podili - I,128,16033.5,274.16,,,,,,
13-03-2025,25,Kondepi,160,20693.5,277.37,,,,,,
13-03-2025,26,Kandukur - I,120,15334.4,276.72,,,,,,
14-03-2025,20,Ongole - I,100,12195.6,276.92,,,,,,
14-03-2025,22,Podili - I,100,13102.4,275.44,,,,,,
14-03-2025,25,Kondepi,160,21026.9,277.25,,,,,,
14-03-2025,26,Kandukur - I,90,11714.7,278.62,,,,,,
15-03-2025,20,Ongole - I,84,10606.3,276.13,,,,,,
15-03-2025,22,Podili - I,35,4399.8,277.02,,,,,,
15-03-2025,25,Kondepi,133,17141.1,278.77,,,,,,
15-03-2025,26,Kandukur - I,48,5973.1,277.94,,,,,,
17-03-2025,20,Ongole - I,134,17708.4,274.95,,,,,,
17-03-2025,22,Podili - I,201,26301.5,276.92,,,,,,
17-03-2025,25,Kondepi,260,32972.6,277.31,,,,,,
17-03-2025,26,Kandukur - I,142,17412.8,277.99,,,,,,
18-03-2025,20,Ongole - I,170,21892.9,271.93,,,,,,
18-03-2025,22,Podili - I,293,36618,275.1,,,,,,
18-03-2025,25,Kondepi,227,29953.6,273.94,,,,,,
18-03-2025,26,Kandukur - I,248,32094.4,276.6,,,,,,
19-03-2025,20,Ongole - I,252,33531.5,273.35,,,,,,
19-03-2025,22,Podili - I,420,55044.1,275.08,,,,,,
19-03-2025,23,Ongole - II,18,2486,280,,,,,,
19-03-2025,24,Tangutur - I,18,2441.6,280,,,,,,
19-03-2025,25,Kondepi,245,31592.1,274.45,,,,,,
19-03-2025,26,Kandukur - I,262,34491.5,274,,,,,,
19-03-2025,27,Kandukur - II,18,2366.2,280,,,,,,
19-03-2025,28,Kaligiri,36,4624.2,280,,,,,,
19-03-2025,29,D.C. Palli,18,2439.8,280,,,,,,
19-03-2025,31,Vellampally-II,18,2551.5,280,,,,,,
19-03-2025,35,Kanigiri,18,2412.1,280,,,,,,
20-03-2025,20,Ongole - I,284,37441.4,272.21,,,,,,
20-03-2025,22,Podili - I,325,42301.3,275.94,,,,,,
20-03-2025,23,Ongole - II,27,3585.6,279.55,,,,,,
20-03-2025,24,Tangutur - I,27,3837.3,280,,,,,,
20-03-2025,25,Kondepi,302,39305.2,275.96,,,,,,
20-03-2025,26,Kandukur - I,268,35058.8,275.06,,,,,,
20-03-2025,27,Kandukur - II,23,2988.8,276.12,,,,,,
20-03-2025,28,Kaligiri,42,5578,279.83,,,,,,
20-03-2025,29,D.C. Palli,244,32360.8,277.18,,,,,,
20-03-2025,31,Vellampally-II,27,3700.6,278.33,,,,,,
20-03-2025,35,Kanigiri,48,6525.8,278.48,,,,,,
21-03-2025,20,Ongole - I,221,28150.5,273.08,,,,,,
21-03-2025,22,Podili - I,239,31907.3,277.58,,,,,,
21-03-2025,23,Ongole - II,160,20604.4,272.93,,,,,,
21-03-2025,24,Tangutur - I,222,30983.7,273.12,,,,,,
21-03-2025,25,Kondepi,313,40708.3,275.03,,,,,,
21-03-2025,26,Kandukur - I,267,34913.4,275.55,,,,,,
21-03-2025,27,Kandukur - II,108,14095.6,273.03,,,,,,
21-03-2025,28,Kaligiri,297,38979.8,277.92,,,,,,
21-03-2025,29,D.C. Palli,298,38865.1,278.39,,,,,,
21-03-2025,31,Vellampally-II,127,17361.1,277.51,,,,,,
21-03-2025,35,Kanigiri,66,8912.4,279.17,,,,,,
22-03-2025,20,Ongole - I,269,35045.1,271.31,,,,,,
22-03-2025,22,Podili - I,278,36376.9,274.76,,,,,,
22-03-2025,23,Ongole - II,94,12457.4,271.62,,,,,,
22-03-2025,24,Tangutur - I,108,13932.7,274.04,,,,,,
22-03-2025,25,Kondepi,321,42621.2,271.11,,,,,,
22-03-2025,26,Kandukur - I,241,30807.1,276.8,,,,,,
22-03-2025,27,Kandukur - II,181,24084.4,278.02,,,,,,
22-03-2025,28,Kaligiri,395,51287.5,277.92,,,,,,
22-03-2025,29,D.C. Palli,328,42996.5,278.22,,,,,,
22-03-2025,31,Vellampally-II,62,8308,273.19,,,,,,
22-03-2025,35,Kanigiri,74,10006.5,278.48,,,,,,
24-03-2025,17,Devarapalli,27,3738.6,286.55,,,,,,
24-03-2025,18,J.R. Gudem - I,27,3830.2,290,,,,,,
24-03-2025,20,Ongole - I,678,90174.6,271.12,,,,,,
24-03-2025,22,Podili - I,285,37897.4,273.39,,,,,,
24-03-2025,23,Ongole - II,137,18093.9,271.56,,,,,,
24-03-2025,24,Tangutur - I,237,31647.5,275.59,,,,,,
24-03-2025,25,Kondepi,379,49889.1,271.56,,,,,,
24-03-2025,26,Kandukur - I,304,39094.6,274.78,,,,,,
24-03-2025,27,Kandukur - II,226,30317,272.4,,,,,,
24-03-2025,28,Kaligiri,403,51824.9,277.95,,,,,,
24-03-2025,29,D.C. Palli,526,69228.4,274.82,,,,,,
24-03-2025,30,koyyalagudem,36,5012,290,,,,,,
24-03-2025,31,Vellampally-II,195,25685.2,272.5,,,,,,
24-03-2025,32,J.R. Gudem- II,99,13326.4,290,,,,,,
24-03-2025,33,Gopalapuram,27,3787.8,290,,,,,,
24-03-2025,35,Kanigiri,155,21287.5,276.68,,,,,,
25-03-2025,17,Devarapalli,84,11493.5,284,,,,,,
25-03-2025,18,J.R. Gudem - I,252,33893.7,284.86,,,,,,
25-03-2025,20,Ongole - I,556,74678.4,269.86,,,,,,
25-03-2025,22,Podili - I,695,87716.6,270.74,,,,,,
25-03-2025,23,Ongole - II,80,11010.1,270.42,,,,,,
25-03-2025,24,Tangutur - I,232,30412,275.2,,,,,,
25-03-2025,25,Kondepi,346,45015.1,272.94,,,,,,
25-03-2025,26,Kandukur - I,297,38821.5,274.23,,,,,,
25-03-2025,27,Kandukur - II,306,41913.1,275.64,,,,,,
25-03-2025,28,Kaligiri,297,37009,278.46,,,,,,
25-03-2025,29,D.C. Palli,461,61006.2,278.17,,,,,,
25-03-2025,30,koyyalagudem,220,29404.2,284.94,,,,,,
25-03-2025,31,Vellampally-II,90,11640.7,267.44,,,,,,
25-03-2025,32,J.R. Gudem- II,385,50931.9,283.08,,,,,,
25-03-2025,33,Gopalapuram,103,14030.8,285.24,,,,,,
25-03-2025,35,Kanigiri,170,21768,273.66,,,,,,
26-03-2025,17,Devarapalli,92,12550,283.43,,,,,,
26-03-2025,18,J.R. Gudem - I,253,33281.9,282.75,,,,,,
26-03-2025,20,Ongole - I,471,63653.3,267.78,,,,,,
26-03-2025,22,Podili - I,666,86010.8,267.55,,,,,,
26-03-2025,23,Ongole - II,126,16585.5,269.08,,,,,,
26-03-2025,24,Tangutur - I,153,19200,271.31,,,,,,
26-03-2025,25,Kondepi,460,60940.9,265.22,,,,,,
26-03-2025,26,Kandukur - I,271,33999,272.55,,,,,,
26-03-2025,27,Kandukur - II,247,33268.6,272.38,,,,,,
26-03-2025,28,Kaligiri,437,56051,275.14,,,,,,
26-03-2025,29,D.C. Palli,546,72919.5,274.26,,,,,,
26-03-2025,30,koyyalagudem,209,26948,284.64,,,,,,
26-03-2025,31,Vellampally-II,92,12357.8,268.93,,,,,,
26-03-2025,32,J.R. Gudem- II,135,17445.5,281.18,,,,,,
26-03-2025,33,Gopalapuram,69,9008.1,286.46,,,,,,
26-03-2025,35,Kanigiri,177,23432.3,273.55,,,,,,
27-03-2025,17,Devarapalli,57,7714.7,284.89,,,,,,
27-03-2025,18,J.R. Gudem - I,189,24644.7,281.24,,,,,,
27-03-2025,20,Ongole - I,670,85145.9,266.43,,,,,,
27-03-2025,22,Podili - I,441,57847.2,264.08,,,,,,
27-03-2025,23,Ongole - II,103,13941.7,265.98,,,,,,
27-03-2025,24,Tangutur - I,244,31966.2,270.2,,,,,,
27-03-2025,25,Kondepi,381,50185,267.73,,,,,,
27-03-2025,26,Kandukur - I,317,42957.5,270.98,,,,,,
27-03-2025,27,Kandukur - II,306,37783,267.64,,,,,,
27-03-2025,28,Kaligiri,429,53681.6,272.21,,,,,,
27-03-2025,29,D.C. Palli,592,75587.2,276.85,,,,,,
27-03-2025,30,koyyalagudem,216,27930,283.37,,,,,,
27-03-2025,31,Vellampally-II,95,13225.2,266.6,,,,,,
27-03-2025,32,J.R. Gudem- II,259,34021.3,277.71,,,,,,
27-03-2025,33,Gopalapuram,43,5505.5,284.83,,,,,,
27-03-2025,35,Kanigiri,191,25263.6,273.79,,,,,,
28-03-2025,17,Devarapalli,48,6610.8,282.97,,,,,,
28-03-2025,18,J.R. Gudem - I,220,28677,278.92,,,,,,
28-03-2025,20,Ongole - I,371,46794.1,262.54,,,,,,
28-03-2025,22,Podili - I,338,44002,265.93,,,,,,
28-03-2025,23,Ongole - II,112,15826.6,265.43,,,,,,
28-03-2025,24,Tangutur - I,280,38284.6,270.15,,,,,,
28-03-2025,25,Kondepi,467,59632.4,265.99,,,,,,
28-03-2025,26,Kandukur - I,301,40102.5,270.88,,,,,,
28-03-2025,27,Kandukur - II,372,49171.2,270.76,,,,,,
28-03-2025,28,Kaligiri,377,48299.3,272.94,,,,,,
28-03-2025,29,D.C. Palli,308,39788.7,275.23,,,,,,
28-03-2025,30,koyyalagudem,33,4245.2,278.29,,,,,,
28-03-2025,31,Vellampally-II,141,19069.1,263.12,,,,,,
28-03-2025,32,J.R. Gudem- II,229,30587.9,277.22,,,,,,
28-03-2025,33,Gopalapuram,43,5452.2,283.96,,,,,,
28-03-2025,35,Kanigiri,275,35370.8,265.26,,,,,,
29-03-2025,17,Devarapalli,56,7210.8,282.06,,,,,,
29-03-2025,18,J.R. Gudem - I,138,17805.5,275.39,,,,,,
29-03-2025,20,Ongole - I,506,67287.9,265.09,,,,,,
29-03-2025,22,Podili - I,313,40157.1,261.19,,,,,,
29-03-2025,23,Ongole - II,124,16790.6,270.47,,,,,,
29-03-2025,24,Tangutur - I,182,24113.3,266.81,,,,,,
29-03-2025,25,Kondepi,399,51264,270.4,,,,,,
29-03-2025,26,Kandukur - I,394,52953.6,266.8,,,,,,
29-03-2025,27,Kandukur - II,379,48496.7,268.94,,,,,,
29-03-2025,28,Kaligiri,428,56000.5,272.43,,,,,,
29-03-2025,29,D.C. Palli,451,59355.6,269.79,,,,,,
29-03-2025,30,koyyalagudem,62,7939.8,278.55,,,,,,
29-03-2025,31,Vellampally-II,180,23639.8,254.1,,,,,,
29-03-2025,32,J.R. Gudem- II,220,28323.9,275.22,,,,,,
29-03-2025,33,Gopalapuram,42,5193.9,282.33,,,,,,
29-03-2025,35,Kanigiri,181,24211.8,268.58,,,,,,
01-04-2025,17,Devarapalli,75,9947.3,278.39,,,,,,
01-04-2025,18,J.R. Gudem - I,555,71340.3,280.5,,,,,,
01-04-2025,20,Ongole - I,403,52256.7,266.58,,,,,,
01-04-2025,22,Podili - I,413,53433.9,256.67,,,,,,
01-04-2025,23,Ongole - II,222,30318.3,267.64,,,,,,
01-04-2025,24,Tangutur - I,401,54525.2,266.56,,,,,,
01-04-2025,25,Kondepi,339,42502.3,268.68,,,,,,
01-04-2025,26,Kandukur - I,290,40705.3,263.93,,,,,,
01-04-2025,27,Kandukur - II,371,46585.1,266.26,,,,,,
01-04-2025,28,Kaligiri,265,34436.4,274.89,,,,,,
01-04-2025,29,D.C. Palli,487,63088.7,272.72,,,,,,
01-04-2025,30,koyyalagudem,140,18247.5,281.85,,,,,,
01-04-2025,31,Vellampally-II,151,20118.9,257.83,,,,,,
01-04-2025,32,J.R. Gudem- II,382,49853.9,278.52,,,,,,
01-04-2025,33,Gopalapuram,135,17705.9,283.69,,,,,,
01-04-2025,35,Kanigiri,153,21312,270.48,,,,,,
02-04-2025,17,Devarapalli,72,9623.3,284.66,,,,,,
02-04-2025,18,J.R. Gudem - I,199,25680.2,279.55,,,,,,
02-04-2025,20,Ongole - I,374,49754.7,264.67,,,,,,
02-04-2025,22,Podili - I,437,57894.8,262.21,,,,,,
02-04-2025,23,Ongole - II,235,31040.8,265.45,,,,,,
02-04-2025,24,Tangutur - I,329,43506.8,265.95,,,,,,
02-04-2025,25,Kondepi,535,69605.2,260.05,,,,,,
02-04-2025,26,Kandukur - I,348,45755.6,264.7,,,,,,
02-04-2025,27,Kandukur - II,343,43095.1,264.12,,,,,,
02-04-2025,28,Kaligiri,239,30101.2,272.35,,,,,,
02-04-2025,29,D.C. Palli,537,70185.9,274.08,,,,,,
02-04-2025,30,koyyalagudem,221,28782.5,282.2,,,,,,
02-04-2025,31,Vellampally-II,238,31538.6,257.64,,,,,,
02-04-2025,32,J.R. Gudem- II,232,29585.6,278.74,,,,,,
02-04-2025,33,Gopalapuram,107,14147.9,282.77,,,,,,
02-04-2025,35,Kanigiri,229,30071.3,266.21,,,,,,
03-04-2025,17,Devarapalli,75,9758.4,279.92,,,,,,
03-04-2025,18,J.R. Gudem - I,361,46534.5,277.39,,,,,,
03-04-2025,20,Ongole - I,335,45291.7,259.66,,,,,,
03-04-2025,22,Podili - I,169,21991.6,259.09,,,,,,
03-04-2025,23,Ongole - II,231,31985.5,265.02,,,,,,
03-04-2025,24,Tangutur - I,429,57489.4,271.57,,,,,,
03-04-2025,25,Kondepi,516,66452.7,261.94,,,,,,
03-04-2025,26,Kandukur - I,404,53814.5,263.23,,,,,,
03-04-2025,27,Kandukur - II,400,50114.6,263.37,,,,,,
03-04-2025,28,Kaligiri,334,43599.2,266.58,,,,,,
03-04-2025,29,D.C. Palli,527,68441.7,267.4,,,,,,
03-04-2025,30,koyyalagudem,81,10453.9,281.98,,,,,,
03-04-2025,31,Vellampally-II,250,33471.8,254.98,,,,,,
03-04-2025,32,J.R. Gudem- II,170,21547,274.76,,,,,,
03-04-2025,33,Gopalapuram,153,19699.9,282.42,,,,,,
03-04-2025,35,Kanigiri,281,36639.3,264.04,,,,,,
04-04-2025,17,Devarapalli,101,13430.7,280.58,,,,,,
04-04-2025,18,J.R. Gudem - I,345,45132.6,278.83,,,,,,
04-04-2025,20,Ongole - I,433,56304.3,261.72,,,,,,
04-04-2025,22,Podili - I,375,49200.9,252.45,,,,,,
04-04-2025,23,Ongole - II,210,28782.1,266.55,,,,,,
04-04-2025,24,Tangutur - I,364,48707.1,266.44,,,,,,
04-04-2025,25,Kondepi,392,50269.8,257.47,,,,,,
04-04-2025,26,Kandukur - I,405,50908.6,263.6,,,,,,
04-04-2025,27,Kandukur - II,306,40587.7,263.5,,,,,,
04-04-2025,28,Kaligiri,263,33635.4,265.78,,,,,,
04-04-2025,29,D.C. Palli,558,73940.4,268.92,,,,,,
04-04-2025,30,koyyalagudem,128,16840.5,279.34,,,,,,
04-04-2025,31,Vellampally-II,201,26175.3,265.45,,,,,,
04-04-2025,32,J.R. Gudem- II,454,58260.6,278.13,,,,,,
04-04-2025,33,Gopalapuram,204,26019.5,279.51,,,,,,
04-04-2025,35,Kanigiri,250,33342,262.27,,,,,,
05-04-2025,17,Devarapalli,79,10460.8,283.1,,,,,,
05-04-2025,18,J.R. Gudem - I,224,29363,277.28,,,,,,
05-04-2025,20,Ongole - I,600,76338.4,251.26,,,,,,
05-04-2025,22,Podili - I,423,56710.5,252.67,,,,,,
05-04-2025,23,Ongole - II,390,50062.2,258.39,,,,,,
05-04-2025,24,Tangutur - I,320,43087.9,265.75,,,,,,
05-04-2025,25,Kondepi,402,51807.5,263.24,,,,,,
05-04-2025,26,Kandukur - I,402,50919.5,264.89,,,,,,
05-04-2025,27,Kandukur - II,309,37896.2,267.44,,,,,,
05-04-2025,28,Kaligiri,331,42207.3,262.52,,,,,,
05-04-2025,29,D.C. Palli,511,67716.4,260.41,,,,,,
05-04-2025,30,koyyalagudem,55,7200.3,279.98,,,,,,
05-04-2025,31,Vellampally-II,227,29102.7,270.17,,,,,,
05-04-2025,32,J.R. Gudem- II,294,37479.6,276.15,,,,,,
05-04-2025,33,Gopalapuram,130,16262.9,280.55,,,,,,
05-04-2025,35,Kanigiri,231,28990.6,254.72,,,,,,
07-04-2025,17,Devarapalli,134,17352,283.79,,,,,,
07-04-2025,18,J.R. Gudem - I,606,76926.2,276.63,,,,,,
07-04-2025,20,Ongole - I,533,68065.7,251.51,,,,,,
07-04-2025,22,Podili - I,430,53383.5,251.67,,,,,,
07-04-2025,23,Ongole - II,295,39569,259.12,,,,,,
07-04-2025,24,Tangutur - I,365,48254.4,268.83,,,,,,
07-04-2025,25,Kondepi,436,56404.1,258.32,,,,,,
07-04-2025,26,Kandukur - I,349,46426.5,262.23,,,,,,
07-04-2025,27,Kandukur - II,446,57822.6,264.15,,,,,,
07-04-2025,28,Kaligiri,336,43743.1,263.61,,,,,,
07-04-2025,29,D.C. Palli,526,67108.7,265.69,,,,,,
07-04-2025,30,koyyalagudem,204,26374.4,280.36,,,,,,
07-04-2025,31,Vellampally-II,381,48372,256.18,,,,,,
07-04-2025,32,J.R. Gudem- II,220,28656.4,277.2,,,,,,
07-04-2025,33,Gopalapuram,263,33687.1,280.93,,,,,,
07-04-2025,35,Kanigiri,255,32618.6,259.74,,,,,,
08-04-2025,17,Devarapalli,212,27706.7,281.34,,,,,,
08-04-2025,18,J.R. Gudem - I,344,44582.7,278.55,,,,,,
08-04-2025,20,Ongole - I,553,70868.7,254.38,,,,,,
08-04-2025,22,Podili - I,389,50121.8,252.09,,,,,,
08-04-2025,23,Ongole - II,275,35892.8,255.63,,,,,,
08-04-2025,24,Tangutur - I,334,43485.9,263.31,,,,,,
08-04-2025,25,Kondepi,375,48827.7,262.78,,,,,,
08-04-2025,26,Kandukur - I,258,33970.4,259.14,,,,,,
08-04-2025,27,Kandukur - II,324,42919.7,263.2,,,,,,
08-04-2025,28,Kaligiri,286,36870.7,262.75,,,,,,
08-04-2025,29,D.C. Palli,299,38564.9,262.5,,,,,,
08-04-2025,30,koyyalagudem,374,47560.1,282.49,,,,,,
08-04-2025,31,Vellampally-II,280,36931.1,248.34,,,,,,
08-04-2025,32,J.R. Gudem- II,378,48924.4,278.1,,,,,,
08-04-2025,33,Gopalapuram,688,88641.4,282.5,,,,,,
08-04-2025,35,Kanigiri,298,38441.7,261.6,,,,,,
09-04-2025,17,Devarapalli,168,22047.9,277.11,,,,,,
09-04-2025,18,J.R. Gudem - I,170,21733.8,278.79,,,,,,
09-04-2025,20,Ongole - I,625,81101.3,262.37,,,,,,
09-04-2025,22,Podili - I,465,60163.6,246.58,,,,,,
09-04-2025,23,Ongole - II,317,43144.1,258.73,,,,,,
09-04-2025,24,Tangutur - I,371,49216.5,254.95,,,,,,
09-04-2025,25,Kondepi,456,58920.8,269.37,,,,,,
09-04-2025,26,Kandukur - I,402,53617.9,259.97,,,,,,
09-04-2025,27,Kandukur - II,588,75903.8,256.1,,,,,,
09-04-2025,28,Kaligiri,214,27315.3,258.89,,,,,,
09-04-2025,29,D.C. Palli,393,51829,262.24,,,,,,
09-04-2025,30,koyyalagudem,177,22894.8,280.08,,,,,,
09-04-2025,31,Vellampally-II,211,28117.8,250.02,,,,,,
09-04-2025,32,J.R. Gudem- II,215,27116.9,275.25,,,,,,
09-04-2025,33,Gopalapuram,362,46619.6,280.3,,,,,,
09-04-2025,35,Kanigiri,272,34393.4,256.73,,,,,,
11-04-2025,17,Devarapalli,257,33185.1,281.57,,,,,,
11-04-2025,18,J.R. Gudem - I,567,73371.3,277.74,,,,,,
11-04-2025,20,Ongole - I,648,84631.1,256.66,,,,,,
11-04-2025,22,Podili - I,454,58178.9,253.48,,,,,,
11-04-2025,23,Ongole - II,369,49366.1,254.66,,,,,,
11-04-2025,24,Tangutur - I,386,50294.2,261.85,,,,,,
11-04-2025,25,Kondepi,408,53848.7,258.83,,,,,,
11-04-2025,26,Kandukur - I,390,50565.8,262.92,,,,,,
11-04-2025,27,Kandukur - II,589,79440.3,260.96,,,,,,
11-04-2025,28,Kaligiri,361,47201.7,260.74,,,,,,
11-04-2025,29,D.C. Palli,323,41796.9,262.42,,,,,,
11-04-2025,30,koyyalagudem,298,37904.3,279.21,,,,,,
11-04-2025,31,Vellampally-II,196,25708.3,246.95,,,,,,
11-04-2025,32,J.R. Gudem- II,576,74902.9,279.96,,,,,,
11-04-2025,33,Gopalapuram,516,65964.8,281.65,,,,,,
11-04-2025,35,Kanigiri,253,32747.3,258.41,,,,,,
12-04-2025,17,Devarapalli,134,17593.6,274.99,,,,,,
12-04-2025,18,J.R. Gudem - I,355,45326.6,279.53,,,,,,
12-04-2025,20,Ongole - I,631,84147.7,254.43,,,,,,
12-04-2025,22,Podili - I,366,47676.8,254.38,,,,,,
12-04-2025,23,Ongole - II,384,50258.6,257.35,,,,,,
12-04-2025,24,Tangutur - I,350,44436.1,261.1,,,,,,
12-04-2025,25,Kondepi,342,45541.3,260.65,,,,,,
12-04-2025,26,Kandukur - I,417,52427.9,260.47,,,,,,
12-04-2025,27,Kandukur - II,601,80119.6,256.09,,,,,,
12-04-2025,28,Kaligiri,464,57985.8,253.93,,,,,,
12-04-2025,29,D.C. Palli,449,57506.7,262.58,,,,,,
12-04-2025,30,koyyalagudem,124,15826.2,279,,,,,,
12-04-2025,31,Vellampally-II,310,41335.2,243.65,,,,,,
12-04-2025,32,J.R. Gudem- II,366,47085.5,275.08,,,,,,
12-04-2025,33,Gopalapuram,305,39514.7,280.07,,,,,,
12-04-2025,35,Kanigiri,193,25549.4,257.74,,,,,,
15-04-2025,17,Devarapalli,289,37999.3,271.64,,,,,,
15-04-2025,18,J.R. Gudem - I,591,77254.9,276.51,,,,,,
15-04-2025,20,Ongole - I,799,101690.4,253.28,,,,,,
15-04-2025,22,Podili - I,389,49551.2,253.57,,,,,,
15-04-2025,23,Ongole - II,440,59760,251,,,,,,
15-04-2025,24,Tangutur - I,464,60289.4,257.93,,,,,,
15-04-2025,25,Kondepi,439,56539.5,254.78,,,,,,
15-04-2025,26,Kandukur - I,483,61433.8,262.79,,,,,,
15-04-2025,27,Kandukur - II,513,68070.9,257.98,,,,,,
15-04-2025,28,Kaligiri,458,57033.6,256.96,,,,,,
15-04-2025,29,D.C. Palli,407,52027.8,259.15,,,,,,
15-04-2025,30,koyyalagudem,450,57211.2,276.76,,,,,,
15-04-2025,31,Vellampally-II,273,35783.9,243.05,,,,,,
15-04-2025,32,J.R. Gudem- II,261,33772,279.71,,,,,,
15-04-2025,33,Gopalapuram,578,74750.3,273.79,,,,,,
15-04-2025,35,Kanigiri,332,42328.9,255.65,,,,,,
16-04-2025,17,Devarapalli,170,22644.4,273.23,,,,,,
16-04-2025,18,J.R. Gudem - I,385,50289.8,274.77,,,,,,
16-04-2025,20,Ongole - I,583,75048.1,254.2,,,,,,
16-04-2025,22,Podili - I,543,69875.7,249.85,,,,,,
16-04-2025,23,Ongole - II,382,51495.5,254.49,,,,,,
16-04-2025,24,Tangutur - I,378,49420.6,258.96,,,,,,
16-04-2025,25,Kondepi,727,92821.9,268.64,,,,,,
16-04-2025,26,Kandukur - I,417,54226.9,259.52,,,,,,
16-04-2025,27,Kandukur - II,712,92751.2,258.67,,,,,,
16-04-2025,28,Kaligiri,325,41513.9,254.02,,,,,,
16-04-2025,29,D.C. Palli,482,61662.7,264.69,,,,,,
16-04-2025,30,koyyalagudem,241,30765.5,281.28,,,,,,
16-04-2025,31,Vellampally-II,255,33614.7,244.76,,,,,,
16-04-2025,32,J.R. Gudem- II,205,26587.8,275.6,,,,,,
16-04-2025,33,Gopalapuram,426,53904.2,271.8,,,,,,
16-04-2025,35,Kanigiri,293,37203,250.3,,,,,,
17-04-2025,17,Devarapalli,260,34466.2,269.41,,,,,,
17-04-2025,18,J.R. Gudem - I,237,30664.9,282.37,,,,,,
17-04-2025,20,Ongole - I,498,63338.9,254.1,,,,,,
17-04-2025,22,Podili - I,574,76453,255.92,,,,,,
17-04-2025,23,Ongole - II,450,57238.4,254.94,,,,,,
17-04-2025,24,Tangutur - I,428,56681.5,259.94,,,,,,
17-04-2025,25,Kondepi,570,72972.6,263.85,,,,,,
17-04-2025,26,Kandukur - I,516,67481.4,264.03,,,,,,
17-04-2025,27,Kandukur - II,635,77934.3,255.24,,,,,,
17-04-2025,28,Kaligiri,285,36228.1,258.14,,,,,,
17-04-2025,29,D.C. Palli,521,68333.1,256.41,,,,,,
17-04-2025,30,koyyalagudem,248,32041.5,279.99,,,,,,
17-04-2025,31,Vellampally-II,224,28068.8,240.1,,,,,,
17-04-2025,32,J.R. Gudem- II,369,47293.2,275.76,,,,,,
17-04-2025,33,Gopalapuram,588,76002,280.69,,,,,,
17-04-2025,35,Kanigiri,316,40917.5,255.41,,,,,,
19-04-2025,17,Devarapalli,304,40781.5,268.19,,,,,,
19-04-2025,18,J.R. Gudem - I,433,57770.5,278.07,,,,,,
19-04-2025,20,Ongole - I,641,81786.3,253.27,,,,,,
19-04-2025,22,Podili - I,442,59125.6,255.22,,,,,,
19-04-2025,23,Ongole - II,442,59399.2,255.49,,,,,,
19-04-2025,24,Tangutur - I,325,41770.2,259.2,,,,,,
19-04-2025,25,Kondepi,496,63598.9,260.43,,,,,,
19-04-2025,26,Kandukur - I,583,72960,258.9,,,,,,
19-04-2025,27,Kandukur - II,653,83879.6,254.23,,,,,,
19-04-2025,28,Kaligiri,261,33260.5,252.4,,,,,,
19-04-2025,29,D.C. Palli,513,66723.1,262.93,,,,,,
19-04-2025,30,koyyalagudem,431,55532.9,282.05,,,,,,
19-04-2025,31,Vellampally-II,316,41231.2,253.04,,,,,,
19-04-2025,32,J.R. Gudem- II,370,47924.3,280.61,,,,,,
19-04-2025,33,Gopalapuram,741,93220,281.17,,,,,,
19-04-2025,35,Kanigiri,306,37799.8,245.72,,,,,,
21-04-2025,17,Devarapalli,405,53702.5,278.37,,,,,,
21-04-2025,18,J.R. Gudem - I,383,48483,278.35,,,,,,
21-04-2025,20,Ongole - I,558,73006.5,253.77,,,,,,
21-04-2025,22,Podili - I,509,66456.1,250.32,,,,,,
21-04-2025,23,Ongole - II,359,47665.7,247.49,,,,,,
21-04-2025,24,Tangutur - I,653,86168,262.53,,,,,,
21-04-2025,25,Kondepi,621,79922.1,257.69,,,,,,
21-04-2025,26,Kandukur - I,640,87132.2,259.33,,,,,,
21-04-2025,27,Kandukur - II,736,93991.9,259.95,,,,,,
21-04-2025,28,Kaligiri,289,38409.3,259.61,,,,,,
21-04-2025,29,D.C. Palli,400,51035.3,263.89,,,,,,
21-04-2025,30,koyyalagudem,440,56421.4,281.12,,,,,,
21-04-2025,31,Vellampally-II,420,51649.3,243.8,,,,,,
21-04-2025,32,J.R. Gudem- II,345,44309.9,279.21,,,,,,
21-04-2025,33,Gopalapuram,359,46628,274.78,,,,,,
21-04-2025,35,Kanigiri,340,43232.1,258.23,,,,,,
22-04-2025,17,Devarapalli,303,39947.6,271.42,,,,,,
22-04-2025,18,J.R. Gudem - I,525,68945,278.69,,,,,,
22-04-2025,20,Ongole - I,426,56364.9,249.24,,,,,,
22-04-2025,22,Podili - I,443,60905.9,251.12,,,,,,
22-04-2025,23,Ongole - II,474,63172.6,249.59,,,,,,
22-04-2025,24,Tangutur - I,527,69148.5,255.72,,,,,,
22-04-2025,25,Kondepi,597,76837.2,256.06,,,,,,
22-04-2025,26,Kandukur - I,790,105406.1,250.57,,,,,,
22-04-2025,27,Kandukur - II,710,91150.9,258.87,,,,,,
22-04-2025,28,Kaligiri,328,42164.2,253.81,,,,,,
22-04-2025,29,D.C. Palli,463,60991.7,262.69,,,,,,
22-04-2025,30,koyyalagudem,364,47340.1,279.32,,,,,,
22-04-2025,31,Vellampally-II,298,39223.1,242.9,,,,,,
22-04-2025,32,J.R. Gudem- II,230,29823.9,280.85,,,,,,
22-04-2025,33,Gopalapuram,583,73487.5,272.93,,,,,,
22-04-2025,35,Kanigiri,361,47423.1,256.79,,,,,,
23-04-2025,17,Devarapalli,504,67787.3,269.32,,,,,,
23-04-2025,18,J.R. Gudem - I,340,44499.1,281.27,,,,,,
23-04-2025,20,Ongole - I,977,126059.6,253.31,,,,,,
23-04-2025,22,Podili - I,692,87882.1,255.31,,,,,,
23-04-2025,23,Ongole - II,375,50750.1,245.63,,,,,,
23-04-2025,24,Tangutur - I,503,67803.2,255.63,,,,,,
23-04-2025,25,Kondepi,636,82130.2,258.47,,,,,,
23-04-2025,26,Kandukur - I,772,103243.3,256.74,,,,,,
23-04-2025,27,Kandukur - II,667,87869.5,255.57,,,,,,
23-04-2025,28,Kaligiri,350,44308.1,252.29,,,,,,
23-04-2025,29,D.C. Palli,425,55137.7,260.87,,,,,,
23-04-2025,30,koyyalagudem,448,58972.9,282.76,,,,,,
23-04-2025,31,Vellampally-II,369,49157.1,246.2,,,,,,
23-04-2025,32,J.R. Gudem- II,397,51323.3,277.92,,,,,,
23-04-2025,33,Gopalapuram,599,76515.4,274.98,,,,,,
23-04-2025,35,Kanigiri,496,62185.6,252.94,,,,,,
24-04-2025,17,Devarapalli,295,38633.6,270.19,,,,,,
24-04-2025,18,J.R. Gudem - I,815,107777.9,276.71,,,,,,
24-04-2025,20,Ongole - I,616,80731.3,246.64,,,,,,
24-04-2025,22,Podili - I,724,95180.7,252.99,,,,,,
24-04-2025,23,Ongole - II,479,63619.7,245.64,,,,,,
24-04-2025,24,Tangutur - I,603,79452.6,264.86,,,,,,
24-04-2025,25,Kondepi,627,79550.2,257.85,,,,,,
24-04-2025,26,Kandukur - I,671,94250.9,250.2,,,,,,
24-04-2025,27,Kandukur - II,714,91171.9,254.72,,,,,,
24-04-2025,28,Kaligiri,429,56066.7,258.62,,,,,,
24-04-2025,29,D.C. Palli,469,61235.1,256.27,,,,,,
24-04-2025,30,koyyalagudem,610,78452.3,280.68,,,,,,
24-04-2025,31,Vellampally-II,287,37711.3,241.56,,,,,,
24-04-2025,32,J.R. Gudem- II,503,66420.6,281.87,,,,,,
24-04-2025,33,Gopalapuram,507,66648.8,276.78,,,,,,
24-04-2025,35,Kanigiri,344,43658.9,253.32,,,,,,
25-04-2025,17,Devarapalli,439,58282.9,267.86,,,,,,
25-04-2025,18,J.R. Gudem - I,553,71127.2,277.3,,,,,,
25-04-2025,20,Ongole - I,726,93472.5,250.88,,,,,,
25-04-2025,22,Podili - I,667,87056.2,249.3,,,,,,
25-04-2025,23,Ongole - II,443,60082.6,244.44,,,,,,
25-04-2025,24,Tangutur - I,650,84318.2,265.81,,,,,,
25-04-2025,25,Kondepi,667,85316.2,260.11,,,,,,
25-04-2025,26,Kandukur - I,918,123538.2,266.85,,,,,,
25-04-2025,27,Kandukur - II,717,91091.6,261.47,,,,,,
25-04-2025,28,Kaligiri,343,43873.2,258.5,,,,,,
25-04-2025,29,D.C. Palli,455,58624.7,255.47,,,,,,
25-04-2025,30,koyyalagudem,436,56587.3,278.94,,,,,,
25-04-2025,31,Vellampally-II,332,44409.1,241.84,,,,,,
25-04-2025,32,J.R. Gudem- II,250,32506.3,278.83,,,,,,
25-04-2025,33,Gopalapuram,531,68403.1,274.64,,,,,,
25-04-2025,35,Kanigiri,331,44349.3,254.4,,,,,,
26-04-2025,17,Devarapalli,339,45858.8,262.79,,,,,,
26-04-2025,18,J.R. Gudem - I,713,93702.8,277.72,,,,,,
26-04-2025,20,Ongole - I,764,99443.4,249.09,,,,,,
26-04-2025,22,Podili - I,824,105633.6,250.96,,,,,,
26-04-2025,23,Ongole - II,418,55390.5,243.24,,,,,,
26-04-2025,24,Tangutur - I,600,79171.5,259.97,,,,,,
26-04-2025,25,Kondepi,752,98187.6,258.46,,,,,,
26-04-2025,26,Kandukur - I,1073,140667.3,271.35,,,,,,
26-04-2025,27,Kandukur - II,809,106801.6,260.79,,,,,,
26-04-2025,28,Kaligiri,294,37307,252.07,,,,,,
26-04-2025,29,D.C. Palli,576,74606.4,258.27,,,,,,
26-04-2025,30,koyyalagudem,403,51911.2,280.9,,,,,,
26-04-2025,31,Vellampally-II,421,54227.8,244.86,,,,,,
26-04-2025,32,J.R. Gudem- II,327,42302.1,274.85,,,,,,
26-04-2025,33,Gopalapuram,354,45742.5,276.84,,,,,,
26-04-2025,35,Kanigiri,462,58814.1,253.28,,,,,,
28-04-2025,17,Devarapalli,275,35269.2,268.61,,,,,,
28-04-2025,18,J.R. Gudem - I,756,99313.7,280.43,,,,,,
28-04-2025,20,Ongole - I,684,89198.7,253.52,,,,,,
28-04-2025,22,Podili - I,888,115362.2,248.35,,,,,,
28-04-2025,23,Ongole - II,491,62675.6,251.31,,,,,,
28-04-2025,24,Tangutur - I,610,79116.1,249.03,,,,,,
28-04-2025,25,Kondepi,900,116587.6,265.93,,,,,,
28-04-2025,26,Kandukur - I,1036,137594.7,257.74,,,,,,
28-04-2025,27,Kandukur - II,662,87863.5,259.21,,,,,,
28-04-2025,28,Kaligiri,413,54947.8,259.84,,,,,,
28-04-2025,29,D.C. Palli,691,91798,254.8,,,,,,
28-04-2025,30,koyyalagudem,351,44913.9,278.22,,,,,,
28-04-2025,31,Vellampally-II,406,52778.7,239.69,,,,,,
28-04-2025,32,J.R. Gudem- II,637,81990.2,276.09,,,,,,
28-04-2025,33,Gopalapuram,727,93546.1,277.18,,,,,,
28-04-2025,35,Kanigiri,327,41517.7,252.17,,,,,,
29-04-2025,17,Devarapalli,867,113698.7,269.53,,,,,,
29-04-2025,18,J.R. Gudem - I,865,114052.6,276.61,,,,,,
29-04-2025,20,Ongole - I,840,113522,252.27,,,,,,
29-04-2025,22,Podili - I,663,86602,246.83,,,,,,
29-04-2025,23,Ongole - II,515,69371.9,241.73,,,,,,
29-04-2025,24,Tangutur - I,549,71126.5,256.55,,,,,,
29-04-2025,25,Kondepi,765,101042.5,261.19,,,,,,
29-04-2025,26,Kandukur - I,1024,137139.2,260.23,,,,,,
29-04-2025,27,Kandukur - II,765,99798.3,257.08,,,,,,
29-04-2025,28,Kaligiri,471,60291.2,252.8,,,,,,
29-04-2025,29,D.C. Palli,589,75343.5,252.58,,,,,,
29-04-2025,30,koyyalagudem,611,76627.4,275.2,,,,,,
29-04-2025,31,Vellampally-II,231,29122.5,238.5,,,,,,
29-04-2025,32,J.R. Gudem- II,407,52786.8,272.92,,,,,,
29-04-2025,33,Gopalapuram,793,101025.4,273.65,,,,,,
29-04-2025,35,Kanigiri,432,56371.8,258.41,,,,,,
30-04-2025,17,Devarapalli,339,45867.8,262.44,,,,,,
30-04-2025,18,J.R. Gudem - I,532,66323.5,274.76,,,,,,
30-04-2025,20,Ongole - I,964,123325.4,251.44,,,,,,
30-04-2025,22,Podili - I,751,101244,247.52,,,,,,
30-04-2025,23,Ongole - II,453,60458.7,241.6,,,,,,
30-04-2025,24,Tangutur - I,649,85382.9,260.71,,,,,,
30-04-2025,25,Kondepi,771,101243.2,257.13,,,,,,
30-04-2025,26,Kandukur - I,1095,141885.7,265.28,,,,,,
30-04-2025,27,Kandukur - II,694,93154.8,260.54,,,,,,
30-04-2025,28,Kaligiri,317,38900.6,246.93,,,,,,
30-04-2025,29,D.C. Palli,387,48862.9,253.29,,,,,,
30-04-2025,30,koyyalagudem,339,43384.4,278.04,,,,,,
30-04-2025,31,Vellampally-II,204,26050.6,239.87,,,,,,
30-04-2025,32,J.R. Gudem- II,242,30853.2,275.93,,,,,,
30-04-2025,33,Gopalapuram,517,67846.9,276.33,,,,,,
02-05-2025,17,Devarapalli,678,89257,273.13,,,,,,
02-05-2025,18,J.R. Gudem - I,850,108561.3,278.21,,,,,,
02-05-2025,20,Ongole - I,801,102944,254.42,,,,,,
02-05-2025,22,Podili - I,469,62451,248.79,,,,,,
02-05-2025,23,Ongole - II,604,80113.4,246.25,,,,,,
02-05-2025,24,Tangutur - I,553,72592.3,249.11,,,,,,
02-05-2025,25,Kondepi,884,112855.1,258.33,,,,,,
02-05-2025,26,Kandukur - I,954,126892.9,265.79,,,,,,
02-05-2025,27,Kandukur - II,751,99681,265.48,,,,,,
02-05-2025,28,Kaligiri,301,38488.2,250.11,,,,,,
02-05-2025,29,D.C. Palli,545,70525,257.76,,,,,,
02-05-2025,30,koyyalagudem,512,65287.4,276.86,,,,,,
02-05-2025,31,Vellampally-II,500,62320.6,246.62,,,,,,
02-05-2025,32,J.R. Gudem- II,775,99246.1,276.49,,,,,,
02-05-2025,33,Gopalapuram,653,83910.8,274.09,,,,,,
02-05-2025,35,Kanigiri,423,51923.1,242.27,,,,,,
03-05-2025,17,Devarapalli,362,47534.4,264.06,,,,,,
03-05-2025,18,J.R. Gudem - I,510,65896.8,279.54,,,,,,
03-05-2025,20,Ongole - I,910,116449.2,250.17,,,,,,
03-05-2025,22,Podili - I,511,67791.9,247.01,,,,,,
03-05-2025,23,Ongole - II,489,65222,238.55,,,,,,
03-05-2025,24,Tangutur - I,629,82597.5,259.94,,,,,,
03-05-2025,25,Kondepi,893,113778.1,266.92,,,,,,
03-05-2025,26,Kandukur - I,996,128212.8,264.14,,,,,,
03-05-2025,27,Kandukur - II,645,86343.3,256.4,,,,,,
03-05-2025,28,Kaligiri,260,33491.9,254.97,,,,,,
03-05-2025,29,D.C. Palli,534,68365.9,251.01,,,,,,
03-05-2025,30,koyyalagudem,623,80118.6,275.47,,,,,,
03-05-2025,31,Vellampally-II,280,36263.9,241.37,,,,,,
03-05-2025,32,J.R. Gudem- II,737,94356.5,274.7,,,,,,
03-05-2025,33,Gopalapuram,631,79641.6,275.3,,,,,,
03-05-2025,35,Kanigiri,375,47271.4,259.51,,,,,,
05-05-2025,17,Devarapalli,739,98338.6,269.5,,,,,,
05-05-2025,18,J.R. Gudem - I,868,114126.6,271.35,,,,,,
05-05-2025,20,Ongole - I,789,101033.5,251.71,,,,,,
05-05-2025,22,Podili - I,422,58916.8,243.35,,,,,,
05-05-2025,23,Ongole - II,569,74872.6,246.39,,,,,,
05-05-2025,24,Tangutur - I,457,58086.8,255.36,,,,,,
05-05-2025,25,Kondepi,873,111554.2,259.65,,,,,,
05-05-2025,26,Kandukur - I,830,112270.9,256.66,,,,,,
05-05-2025,27,Kandukur - II,703,90521.8,259.05,,,,,,
05-05-2025,28,Kaligiri,282,35849.6,254.39,,,,,,
05-05-2025,29,D.C. Palli,544,70193.6,251.2,,,,,,
05-05-2025,30,koyyalagudem,382,48826.6,277.61,,,,,,
05-05-2025,31,Vellampally-II,396,51588.3,242.61,,,,,,
05-05-2025,32,J.R. Gudem- II,394,51234.7,270.46,,,,,,
05-05-2025,33,Gopalapuram,598,76698,274.34,,,,,,
05-05-2025,35,Kanigiri,479,63254,258.58,,,,,,
06-05-2025,17,Devarapalli,436,55918.9,267.99,,,,,,
06-05-2025,18,J.R. Gudem - I,444,55365.2,272.46,,,,,,
06-05-2025,20,Ongole - I,730,95020.1,243.33,,,,,,
06-05-2025,22,Podili - I,289,38993.4,236.67,,,,,,
06-05-2025,23,Ongole - II,471,63495.6,242.72,,,,,,
06-05-2025,24,Tangutur - I,616,81668.2,254.03,,,,,,
06-05-2025,25,Kondepi,946,119424.4,259.3,,,,,,
06-05-2025,26,Kandukur - I,597,77495.5,253.91,,,,,,
06-05-2025,27,Kandukur - II,761,100428.6,259.81,,,,,,
06-05-2025,28,Kaligiri,277,34238.9,245.39,,,,,,
06-05-2025,29,D.C. Palli,442,56180.7,255.32,,,,,,
06-05-2025,30,koyyalagudem,606,75933.1,276.97,,,,,,
06-05-2025,31,Vellampally-II,381,49593.2,244.48,,,,,,
06-05-2025,32,J.R. Gudem- II,382,48743,277.46,,,,,,
06-05-2025,33,Gopalapuram,857,109374.3,274.98,,,,,,
06-05-2025,35,Kanigiri,525,66780.9,255.74,,,,,,
07-05-2025,17,Devarapalli,552,73564.3,266.63,,,,,,
07-05-2025,18,J.R. Gudem - I,801,100020.4,274.19,,,,,,
07-05-2025,20,Ongole - I,598,80543.7,249.98,,,,,,
07-05-2025,22,Podili - I,742,94379.3,246.18,,,,,,
07-05-2025,23,Ongole - II,478,64424.3,245.67,,,,,,
07-05-2025,24,Tangutur - I,576,74958.5,250.39,,,,,,
07-05-2025,25,Kondepi,839,107675.1,252.75,,,,,,
07-05-2025,26,Kandukur - I,619,82887.4,253.57,,,,,,
07-05-2025,27,Kandukur - II,666,86453.2,255.5,,,,,,
07-05-2025,28,Kaligiri,223,28829,256.83,,,,,,
07-05-2025,29,D.C. Palli,428,55555.8,256.69,,,,,,
07-05-2025,30,koyyalagudem,512,64862,278.05,,,,,,
07-05-2025,31,Vellampally-II,339,44335,236.42,,,,,,
07-05-2025,32,J.R. Gudem- II,719,91065.3,276.68,,,,,,
07-05-2025,33,Gopalapuram,557,70176.9,273.77,,,,,,
07-05-2025,35,Kanigiri,395,50846.3,252.27,,,,,,
08-05-2025,17,Devarapalli,540,70846,268.68,,,,,,
08-05-2025,18,J.R. Gudem - I,724,93572.9,274.77,,,,,,
08-05-2025,20,Ongole - I,1015,131224.9,247.62,,,,,,
08-05-2025,22,Podili - I,788,103148.8,241.55,,,,,,
08-05-2025,23,Ongole - II,514,64987.7,251.15,,,,,,
08-05-2025,24,Tangutur - I,550,73150.6,242.41,,,,,,
08-05-2025,25,Kondepi,981,125332.8,254.06,,,,,,
08-05-2025,26,Kandukur - I,822,111634.8,262.75,,,,,,
08-05-2025,27,Kandukur - II,641,83422.3,257.37,,,,,,
08-05-2025,28,Kaligiri,287,36534.3,258.28,,,,,,
08-05-2025,29,D.C. Palli,533,70126.2,249.69,,,,,,
08-05-2025,30,koyyalagudem,354,44869.3,272.66,,,,,,
08-05-2025,31,Vellampally-II,320,42076.7,242.57,,,,,,
08-05-2025,32,J.R. Gudem- II,751,97359.1,270.44,,,,,,
08-05-2025,33,Gopalapuram,752,96933.7,275.58,,,,,,
08-05-2025,35,Kanigiri,310,41498.1,252.29,,,,,,
09-05-2025,17,Devarapalli,338,44662,271.33,,,,,,
09-05-2025,18,J.R. Gudem - I,553,71625.8,276.02,,,,,,
09-05-2025,20,Ongole - I,733,94276.8,229.65,,,,,,
09-05-2025,22,Podili - I,548,72099.3,239.01,,,,,,
09-05-2025,23,Ongole - II,442,58953.5,236.39,,,,,,
09-05-2025,24,Tangutur - I,592,77809.4,259.96,,,,,,
09-05-2025,25,Kondepi,949,122810,253.04,,,,,,
09-05-2025,26,Kandukur - I,708,98241,252.98,,,,,,
09-05-2025,27,Kandukur - II,540,69330.8,259.57,,,,,,
09-05-2025,28,Kaligiri,291,37078.9,249.04,,,,,,
09-05-2025,29,D.C. Palli,530,68140.7,256.9,,,,,,
09-05-2025,30,koyyalagudem,347,44573.4,280.79,,,,,,
09-05-2025,31,Vellampally-II,349,45335.1,237.51,,,,,,
09-05-2025,32,J.R. Gudem- II,217,27948.5,274.99,,,,,,
09-05-2025,33,Gopalapuram,503,64799.4,270.83,,,,,,
09-05-2025,35,Kanigiri,467,59206.3,252.14,,,,,,
10-05-2025,17,Devarapalli,354,46665.8,264.62,,,,,,
10-05-2025,18,J.R. Gudem - I,631,81356,274.34,,,,,,
10-05-2025,20,Ongole - I,721,93996.8,239.01,,,,,,
10-05-2025,22,Podili - I,344,43772.6,245.53,,,,,,
10-05-2025,23,Ongole - II,394,51929.6,229.05,,,,,,
10-05-2025,24,Tangutur - I,571,74567.6,248.85,,,,,,
10-05-2025,25,Kondepi,965,121057.7,251.27,,,,,,
10-05-2025,26,Kandukur - I,815,110899.7,257.33,,,,,,
10-05-2025,27,Kandukur - II,660,86538.8,244.22,,,,,,
10-05-2025,28,Kaligiri,309,37917.2,247.81,,,,,,
10-05-2025,29,D.C. Palli,348,43101,251.84,,,,,,
10-05-2025,30,koyyalagudem,444,56633.1,278.14,,,,,,
10-05-2025,31,Vellampally-II,564,70552.3,237.07,,,,,,
10-05-2025,32,J.R. Gudem- II,422,54257.9,271.36,,,,,,
10-05-2025,33,Gopalapuram,390,49994.9,270.94,,,,,,
10-05-2025,35,Kanigiri,274,35552.8,250.15,,,,,,
13-05-2025,17,Devarapalli,423,56526.2,261.94,,,,,,
13-05-2025,18,J.R. Gudem - I,735,92027.2,275.35,,,,,,
13-05-2025,20,Ongole - I,686,89176,239.16,,,,,,
13-05-2025,22,Podili - I,525,66397.7,244.98,,,,,,
13-05-2025,23,Ongole - II,577,76100.5,242.58,,,,,,
13-05-2025,24,Tangutur - I,705,91934.5,250.48,,,,,,
13-05-2025,25,Kondepi,902,116081.2,242.17,,,,,,
13-05-2025,26,Kandukur - I,958,125624.2,258.22,,,,,,
13-05-2025,27,Kandukur - II,420,53945,248.33,,,,,,
13-05-2025,28,Kaligiri,276,35210.3,248.41,,,,,,
13-05-2025,29,D.C. Palli,366,47785.2,250.7,,,,,,
13-05-2025,30,koyyalagudem,458,58643.7,273.19,,,,,,
13-05-2025,31,Vellampally-II,363,44859.3,233.11,,,,,,
13-05-2025,32,J.R. Gudem- II,327,41138.7,274.33,,,,,,
13-05-2025,33,Gopalapuram,662,84300,270.9,,,,,,
13-05-2025,35,Kanigiri,410,53708.8,247.29,,,,,,
14-05-2025,17,Devarapalli,352,46655.6,266.73,,,,,,
14-05-2025,18,J.R. Gudem - I,811,105322.9,277.41,,,,,,
14-05-2025,20,Ongole - I,673,86333.5,245.08,,,,,,
14-05-2025,22,Podili - I,847,109729.7,236.91,,,,,,
14-05-2025,23,Ongole - II,370,48109.6,236.35,,,,,,
14-05-2025,24,Tangutur - I,730,94651.8,234.15,,,,,,
14-05-2025,25,Kondepi,885,115493.3,245.14,,,,,,
14-05-2025,26,Kandukur - I,668,87948.9,244.61,,,,,,
14-05-2025,27,Kandukur - II,480,60389.9,251.48,,,,,,
14-05-2025,28,Kaligiri,264,33511.6,248.21,,,,,,
14-05-2025,29,D.C. Palli,390,50812.7,247.8,,,,,,
14-05-2025,30,koyyalagudem,642,81780.4,273.41,,,,,,
14-05-2025,31,Vellampally-II,301,38691.1,232,,,,,,
14-05-2025,32,J.R. Gudem- II,384,48776.1,270.05,,,,,,
14-05-2025,33,Gopalapuram,820,104802.7,276.44,,,,,,
14-05-2025,35,Kanigiri,316,39846.3,243.15,,,,,,
15-05-2025,17,Devarapalli,236,31023.1,261.37,,,,,,
15-05-2025,18,J.R. Gudem - I,685,88317.9,276.15,,,,,,
15-05-2025,20,Ongole - I,761,101421.9,240.09,,,,,,
15-05-2025,22,Podili - I,678,88243.5,230.1,,,,,,
15-05-2025,23,Ongole - II,480,62796.3,242.85,,,,,,
15-05-2025,24,Tangutur - I,533,67387.1,239.64,,,,,,
15-05-2025,25,Kondepi,1129,145854.2,255.8,,,,,,
15-05-2025,26,Kandukur - I,927,125086.6,238.55,,,,,,
15-05-2025,27,Kandukur - II,540,71033.4,253.63,,,,,,
15-05-2025,28,Kaligiri,234,29840.3,246.05,,,,,,
15-05-2025,29,D.C. Palli,388,49846.7,247.89,,,,,,
15-05-2025,30,koyyalagudem,163,21207.3,273.57,,,,,,
15-05-2025,31,Vellampally-II,246,31928.5,239.84,,,,,,
15-05-2025,32,J.R. Gudem- II,691,86908.2,276.69,,,,,,
15-05-2025,33,Gopalapuram,584,74488.3,273.5,,,,,,
15-05-2025,35,Kanigiri,333,43911.2,240.68,,,,,,
16-05-2025,17,Devarapalli,410,54805.2,259.05,,,,,,
16-05-2025,18,J.R. Gudem - I,801,103154.7,278.98,,,,,,
16-05-2025,20,Ongole - I,901,115852.9,248.51,,,,,,
16-05-2025,22,Podili - I,379,50782.9,233.99,,,,,,
16-05-2025,23,Ongole - II,540,72049.9,239.63,,,,,,
16-05-2025,24,Tangutur - I,714,94099.2,244.75,,,,,,
16-05-2025,25,Kondepi,896,118498.8,252,,,,,,
16-05-2025,26,Kandukur - I,482,61968.6,246.99,,,,,,
16-05-2025,27,Kandukur - II,418,56701.4,252.81,,,,,,
16-05-2025,28,Kaligiri,266,33849.3,248.34,,,,,,
16-05-2025,29,D.C. Palli,423,54416.3,251.11,,,,,,
16-05-2025,30,koyyalagudem,292,37325.9,278.87,,,,,,
16-05-2025,31,Vellampally-II,270,35127.9,229.13,,,,,,
16-05-2025,32,J.R. Gudem- II,545,69685,274.59,,,,,,
16-05-2025,33,Gopalapuram,384,49274.2,277.82,,,,,,
16-05-2025,35,Kanigiri,346,44717,244.45,,,,,,
17-05-2025,17,Devarapalli,257,34739.2,262.47,,,,,,
17-05-2025,18,J.R. Gudem - I,496,61606.2,277.74,,,,,,
17-05-2025,20,Ongole - I,649,84070.2,245.13,,,,,,
17-05-2025,22,Podili - I,427,55824.4,232.15,,,,,,
17-05-2025,23,Ongole - II,485,65119.7,237.66,,,,,,
17-05-2025,24,Tangutur - I,582,78116,242.53,,,,,,
17-05-2025,25,Kondepi,531,66936.2,239.39,,,,,,
17-05-2025,26,Kandukur - I,433,56580.3,241.43,,,,,,
17-05-2025,27,Kandukur - II,564,73803.4,239.89,,,,,,
17-05-2025,28,Kaligiri,279,36173.5,249.07,,,,,,
17-05-2025,29,D.C. Palli,401,52530.2,251.03,,,,,,
17-05-2025,30,koyyalagudem,180,22426.1,275.82,,,,,,
17-05-2025,31,Vellampally-II,316,42281.6,231.05,,,,,,
17-05-2025,32,J.R. Gudem- II,470,60769.7,268.75,,,,,,
17-05-2025,33,Gopalapuram,412,52354.6,275.71,,,,,,
17-05-2025,35,Kanigiri,325,41539.5,237.41,,,,,,
19-05-2025,17,Devarapalli,292,39608.4,267.83,,,,,,
19-05-2025,18,J.R. Gudem - I,301,37582.5,276.82,,,,,,
19-05-2025,20,Ongole - I,631,81403.4,240.46,,,,,,
19-05-2025,22,Podili - I,585,77384.8,230.34,,,,,,
19-05-2025,23,Ongole - II,475,60017.2,243.95,,,,,,
19-05-2025,24,Tangutur - I,607,79086.3,246.45,,,,,,
19-05-2025,25,Kondepi,573,74021.8,241.68,,,,,,
19-05-2025,26,Kandukur - I,468,61870.9,255.88,,,,,,
19-05-2025,27,Kandukur - II,530,72774.2,250.24,,,,,,
19-05-2025,28,Kaligiri,314,41140.5,248.64,,,,,,
19-05-2025,29,D.C. Palli,397,52273.7,250.84,,,,,,
19-05-2025,30,koyyalagudem,563,72756,279.42,,,,,,
19-05-2025,31,Vellampally-II,424,56015.4,241.77,,,,,,
19-05-2025,32,J.R. Gudem- II,525,68890.3,275.65,,,,,,
19-05-2025,33,Gopalapuram,208,26747.4,276.22,,,,,,
19-05-2025,35,Kanigiri,298,37793.2,240.61,,,,,,
20-05-2025,17,Devarapalli,374,50108.6,260.49,,,,,,
20-05-2025,18,J.R. Gudem - I,786,102135.9,275.35,,,,,,
20-05-2025,20,Ongole - I,467,60970.3,251.4,,,,,,
20-05-2025,22,Podili - I,485,63426.4,236.88,,,,,,
20-05-2025,23,Ongole - II,310,42453.9,238.06,,,,,,
20-05-2025,24,Tangutur - I,362,47423,241.2,,,,,,
20-05-2025,25,Kondepi,585,75602.7,254.62,,,,,,
20-05-2025,26,Kandukur - I,434,57091.8,248.88,,,,,,
20-05-2025,27,Kandukur - II,478,64377.6,243.24,,,,,,
20-05-2025,28,Kaligiri,317,41207.2,246.88,,,,,,
20-05-2025,29,D.C. Palli,465,61182.7,256.55,,,,,,
20-05-2025,30,koyyalagudem,620,78521.9,276.84,,,,,,
20-05-2025,31,Vellampally-II,431,57268.9,241.75,,,,,,
20-05-2025,32,J.R. Gudem- II,426,55114.5,277.75,,,,,,
20-05-2025,33,Gopalapuram,582,75571,276.53,,,,,,
20-05-2025,35,Kanigiri,273,36472.9,239.67,,,,,,
21-05-2025,17,Devarapalli,311,41105.2,268.28,,,,,,
21-05-2025,18,J.R. Gudem - I,332,42690,277.21,,,,,,
21-05-2025,20,Ongole - I,466,61766.9,258.61,,,,,,
21-05-2025,22,Podili - I,550,76610,236.65,,,,,,
21-05-2025,23,Ongole - II,436,58318.1,235.26,,,,,,
21-05-2025,24,Tangutur - I,463,60064.8,236.95,,,,,,
21-05-2025,25,Kondepi,562,72569.9,264.31,,,,,,
21-05-2025,26,Kandukur - I,463,61055.2,241.51,,,,,,
21-05-2025,27,Kandukur - II,297,40719,229.71,,,,,,
21-05-2025,28,Kaligiri,407,51519.5,244.93,,,,,,
21-05-2025,29,D.C. Palli,216,26805.7,247.43,,,,,,
21-05-2025,30,koyyalagudem,309,38460.5,279.26,,,,,,
21-05-2025,31,Vellampally-II,312,40630.9,244.03,,,,,,
21-05-2025,32,J.R. Gudem- II,522,67817.7,273.44,,,,,,
21-05-2025,33,Gopalapuram,469,59404.8,276.13,,,,,,
21-05-2025,35,Kanigiri,331,42448.1,246.63,,,,,,
22-05-2025,17,Devarapalli,378,50533.7,258.91,,,,,,
22-05-2025,18,J.R. Gudem - I,433,56343.9,275.43,,,,,,
22-05-2025,20,Ongole - I,428,58882.3,257.38,,,,,,
22-05-2025,22,Podili - I,363,49027.4,220.55,,,,,,
22-05-2025,23,Ongole - II,515,69452.3,250.09,,,,,,
22-05-2025,24,Tangutur - I,349,44739.3,239.66,,,,,,
22-05-2025,25,Kondepi,502,62217,255.91,,,,,,
22-05-2025,26,Kandukur - I,579,74499.6,246.25,,,,,,
22-05-2025,27,Kandukur - II,480,63365,242.41,,,,,,
22-05-2025,28,Kaligiri,427,54138.7,251.19,,,,,,
22-05-2025,29,D.C. Palli,341,44654.3,242.61,,,,,,
22-05-2025,30,koyyalagudem,191,24488.5,278.7,,,,,,
22-05-2025,31,Vellampally-II,344,45419.5,232.14,,,,,,
22-05-2025,32,J.R. Gudem- II,346,44859.6,278.8,,,,,,
22-05-2025,33,Gopalapuram,347,45054.1,274.69,,,,,,
22-05-2025,35,Kanigiri,258,34167.3,241.57,,,,,,
23-05-2025,17,Devarapalli,537,72587.5,259.75,,,,,,
23-05-2025,18,J.R. Gudem - I,619,78039.5,273.43,,,,,,
23-05-2025,20,Ongole - I,600,79516.3,237.87,,,,,,
23-05-2025,22,Podili - I,746,94773.2,234.89,,,,,,
23-05-2025,23,Ongole - II,489,66855.9,251.63,,,,,,
23-05-2025,24,Tangutur - I,293,39066.7,237.21,,,,,,
23-05-2025,25,Kondepi,711,92081,255.13,,,,,,
23-05-2025,26,Kandukur - I,547,74998.3,245.87,,,,,,
23-05-2025,27,Kandukur - II,482,65027,248.93,,,,,,
23-05-2025,28,Kaligiri,346,43519.6,246.48,,,,,,
23-05-2025,29,D.C. Palli,307,40370.9,246.71,,,,,,
23-05-2025,30,koyyalagudem,516,65291.5,275.2,,,,,,
23-05-2025,31,Vellampally-II,366,46068.9,238.6,,,,,,
23-05-2025,32,J.R. Gudem- II,310,39620,269.37,,,,,,
23-05-2025,33,Gopalapuram,458,59353,272.4,,,,,,
23-05-2025,35,Kanigiri,309,40538.8,244.26,,,,,,
24-05-2025,17,Devarapalli,408,54130.1,268.38,,,,,,
24-05-2025,18,J.R. Gudem - I,522,67810.2,275.48,,,,,,
24-05-2025,20,Ongole - I,449,57772.2,233.44,,,,,,
24-05-2025,22,Podili - I,823,107198,230.48,,,,,,
24-05-2025,23,Ongole - II,513,67778.8,249.7,,,,,,
24-05-2025,24,Tangutur - I,382,49838.2,247.35,,,,,,
24-05-2025,25,Kondepi,574,75016.6,255.06,,,,,,
24-05-2025,26,Kandukur - I,384,51134.5,250.76,,,,,,
24-05-2025,27,Kandukur - II,397,52932.6,249.86,,,,,,
24-05-2025,28,Kaligiri,307,39217.6,243.62,,,,,,
24-05-2025,29,D.C. Palli,400,52546.4,248.11,,,,,,
24-05-2025,30,koyyalagudem,319,40921.2,275.24,,,,,,
24-05-2025,31,Vellampally-II,337,42861.2,230.62,,,,,,
24-05-2025,32,J.R. Gudem- II,583,74180.1,272.6,,,,,,
24-05-2025,33,Gopalapuram,330,42446.2,274.25,,,,,,
24-05-2025,35,Kanigiri,297,36806.2,239.85,,,,,,
26-05-2025,17,Devarapalli,551,73155.5,259.37,,,,,,
26-05-2025,18,J.R. Gudem - I,777,98049.7,276.11,,,,,,
26-05-2025,20,Ongole - I,523,65530.7,232.89,,,,,,
26-05-2025,22,Podili - I,824,107756.7,226.59,,,,,,
26-05-2025,23,Ongole - II,717,96978.1,250.21,,,,,,
26-05-2025,24,Tangutur - I,379,49622.5,255.13,,,,,,
26-05-2025,25,Kondepi,628,81478.4,239.17,,,,,,
26-05-2025,26,Kandukur - I,488,64698.9,246.58,,,,,,
26-05-2025,27,Kandukur - II,452,60357.1,252.8,,,,,,
26-05-2025,28,Kaligiri,381,49843.5,247.32,,,,,,
26-05-2025,29,D.C. Palli,420,54234.3,246.09,,,,,,
26-05-2025,30,koyyalagudem,513,65229.1,276.19,,,,,,
26-05-2025,31,Vellampally-II,436,58436.1,247.36,,,,,,
26-05-2025,32,J.R. Gudem- II,504,66094,277.96,,,,,,
26-05-2025,33,Gopalapuram,359,46262.8,272.43,,,,,,
26-05-2025,35,Kanigiri,291,37171.4,248.48,,,,,,
27-05-2025,17,Devarapalli,585,79232.1,258.29,,,,,,
27-05-2025,18,J.R. Gudem - I,501,62983,277.14,,,,,,
27-05-2025,20,Ongole - I,484,63330.1,244.01,,,,,,
27-05-2025,22,Podili - I,646,80545.2,236.27,,,,,,
27-05-2025,23,Ongole - II,512,68492.8,242.98,,,,,,
27-05-2025,24,Tangutur - I,542,71250.5,253.82,,,,,,
27-05-2025,25,Kondepi,542,70191,245.92,,,,,,
27-05-2025,26,Kandukur - I,532,71960.3,261.14,,,,,,
27-05-2025,27,Kandukur - II,428,57026.4,251.13,,,,,,
27-05-2025,28,Kaligiri,408,52522.4,242.02,,,,,,
27-05-2025,29,D.C. Palli,453,60506.9,248.04,,,,,,
27-05-2025,30,koyyalagudem,580,72909.4,276.92,,,,,,
27-05-2025,31,Vellampally-II,439,56792.9,232.15,,,,,,
27-05-2025,32,J.R. Gudem- II,474,62346.5,274.81,,,,,,
27-05-2025,33,Gopalapuram,715,91818.7,277.67,,,,,,
27-05-2025,35,Kanigiri,358,47370.4,243.65,,,,,,
28-05-2025,17,Devarapalli,359,48393.7,260.09,,,,,,
28-05-2025,18,J.R. Gudem - I,770,101372.5,279.45,,,,,,
28-05-2025,20,Ongole - I,458,59521.7,252.75,,,,,,
28-05-2025,22,Podili - I,360,46646.1,232.22,,,,,,
28-05-2025,23,Ongole - II,407,50617.3,247.22,,,,,,
28-05-2025,24,Tangutur - I,455,59467,242.53,,,,,,
28-05-2025,25,Kondepi,503,64978,243.59,,,,,,
28-05-2025,26,Kandukur - I,435,59403.5,253.87,,,,,,
28-05-2025,27,Kandukur - II,426,57972.2,250.46,,,,,,
28-05-2025,28,Kaligiri,437,54305.3,240.67,,,,,,
28-05-2025,29,D.C. Palli,499,66274.5,234.28,,,,,,
28-05-2025,30,koyyalagudem,475,60060.7,277.13,,,,,,
28-05-2025,31,Vellampally-II,482,64341.5,246.42,,,,,,
28-05-2025,32,J.R. Gudem- II,437,56063.1,277.97,,,,,,
28-05-2025,33,Gopalapuram,485,62197,273.88,,,,,,
28-05-2025,35,Kanigiri,352,45066.9,239.94,,,,,,
29-05-2025,17,Devarapalli,472,62657.2,258.15,,,,,,
29-05-2025,18,J.R. Gudem - I,359,46527.1,275.79,,,,,,
29-05-2025,20,Ongole - I,620,82425,239.05,,,,,,
29-05-2025,22,Podili - I,772,99036.8,231.77,,,,,,
29-05-2025,23,Ongole - II,434,58848.5,241.96,,,,,,
29-05-2025,24,Tangutur - I,413,51680.7,233.48,,,,,,
29-05-2025,25,Kondepi,416,53857.9,252.66,,,,,,
29-05-2025,26,Kandukur - I,350,48885.9,260.44,,,,,,
29-05-2025,27,Kandukur - II,359,46807.5,248.5,,,,,,
29-05-2025,28,Kaligiri,348,44104,243.53,,,,,,
29-05-2025,29,D.C. Palli,459,59402.2,250.62,,,,,,
29-05-2025,30,koyyalagudem,280,35590.1,275.07,,,,,,
29-05-2025,31,Vellampally-II,514,68116.8,243.33,,,,,,
29-05-2025,32,J.R. Gudem- II,729,94111.4,270.05,,,,,,
29-05-2025,33,Gopalapuram,414,52713.2,271.52,,,,,,
29-05-2025,35,Kanigiri,354,44940.1,238.28,,,,,,
30-05-2025,17,Devarapalli,463,62080.6,259.9,,,,,,
30-05-2025,18,J.R. Gudem - I,432,54849,272.34,,,,,,
30-05-2025,20,Ongole - I,698,89663.8,253.41,,,,,,
30-05-2025,22,Podili - I,720,93535.8,220.22,,,,,,
30-05-2025,23,Ongole - II,474,63085.8,233.23,,,,,,
30-05-2025,24,Tangutur - I,669,88869.9,250.98,,,,,,
30-05-2025,25,Kondepi,534,70536.4,245.75,,,,,,
30-05-2025,26,Kandukur - I,367,52326.2,256.43,,,,,,
30-05-2025,27,Kandukur - II,498,64012.9,251.53,,,,,,
30-05-2025,28,Kaligiri,358,45037.6,243.67,,,,,,
30-05-2025,29,D.C. Palli,265,31484.7,235.21,,,,,,
30-05-2025,30,koyyalagudem,459,58864.4,278.2,,,,,,
30-05-2025,31,Vellampally-II,702,94308.5,248.81,,,,,,
30-05-2025,32,J.R. Gudem- II,648,84883.5,270.67,,,,,,
30-05-2025,33,Gopalapuram,378,48261.5,276.36,,,,,,
30-05-2025,35,Kanigiri,194,25476.9,234.61,,,,,,
31-05-2025,17,Devarapalli,306,40678.4,267.99,,,,,,
31-05-2025,18,J.R. Gudem - I,384,51366.7,277.27,,,,,,
31-05-2025,20,Ongole - I,652,85186.2,255.62,,,,,,
31-05-2025,22,Podili - I,682,89364.3,227.13,,,,,,
31-05-2025,23,Ongole - II,659,89418.9,258.88,,,,,,
31-05-2025,24,Tangutur - I,425,56656.5,249.61,,,,,,
31-05-2025,25,Kondepi,562,73698.7,241.34,,,,,,
31-05-2025,26,Kandukur - I,478,65684.4,246.48,,,,,,
31-05-2025,27,Kandukur - II,517,68752.3,256.11,,,,,,
31-05-2025,28,Kaligiri,294,37006.4,252.02,,,,,,
31-05-2025,29,D.C. Palli,394,51866.3,233.29,,,,,,
31-05-2025,30,koyyalagudem,282,36221.2,272.82,,,,,,
31-05-2025,31,Vellampally-II,304,38655.6,244.74,,,,,,
31-05-2025,32,J.R. Gudem- II,469,61338.6,272.57,,,,,,
31-05-2025,33,Gopalapuram,216,27663.5,274.28,,,,,,
31-05-2025,35,Kanigiri,273,34782.6,241.27,,,,,,
02-06-2025,17,Devarapalli,488,65280.8,276.57,,,,,,
02-06-2025,18,J.R. Gudem - I,505,64338.9,278.01,,,,,,
02-06-2025,20,Ongole - I,558,71558.3,240.71,,,,,,
02-06-2025,22,Podili - I,417,54243,215.5,,,,,,
02-06-2025,23,Ongole - II,634,85460.2,255.95,,,,,,
02-06-2025,24,Tangutur - I,538,70542.3,250.46,,,,,,
02-06-2025,25,Kondepi,510,66781.8,257.9,,,,,,
02-06-2025,26,Kandukur - I,538,74090.1,260.98,,,,,,
02-06-2025,27,Kandukur - II,505,67399.4,258.38,,,,,,
02-06-2025,28,Kaligiri,374,49308.6,246.5,,,,,,
02-06-2025,29,D.C. Palli,459,59767.4,237.95,,,,,,
02-06-2025,30,koyyalagudem,325,41639.4,274.53,,,,,,
02-06-2025,31,Vellampally-II,379,48572.3,232.09,,,,,,
02-06-2025,32,J.R. Gudem- II,474,61218.2,276.58,,,,,,
02-06-2025,33,Gopalapuram,234,30554.1,280.05,,,,,,
02-06-2025,35,Kanigiri,209,27102.5,239.38,,,,,,
03-06-2025,17,Devarapalli,406,53026.2,264.68,,,,,,
03-06-2025,18,J.R. Gudem - I,477,60302.4,273.21,,,,,,
03-06-2025,20,Ongole - I,580,75337.3,253.46,,,,,,
03-06-2025,22,Podili - I,463,58817.2,221.41,,,,,,
03-06-2025,23,Ongole - II,676,89589.6,256.61,,,,,,
03-06-2025,24,Tangutur - I,470,59979,231.16,,,,,,
03-06-2025,25,Kondepi,650,84966.6,259.23,,,,,,
03-06-2025,26,Kandukur - I,461,60432.3,257.28,,,,,,
03-06-2025,27,Kandukur - II,564,72939.5,235.52,,,,,,
03-06-2025,28,Kaligiri,407,51480.1,237.1,,,,,,
03-06-2025,29,D.C. Palli,493,63338.4,233.96,,,,,,
03-06-2025,30,koyyalagudem,652,81659.5,276.94,,,,,,
03-06-2025,31,Vellampally-II,443,55504.4,235.5,,,,,,
03-06-2025,32,J.R. Gudem- II,755,97595.4,275.97,,,,,,
03-06-2025,33,Gopalapuram,560,72702.2,286.24,,,,,,
03-06-2025,35,Kanigiri,240,31275.6,231.6,,,,,,
04-06-2025,17,Devarapalli,383,50670.2,259.7,,,,,,
04-06-2025,18,J.R. Gudem - I,463,59714.4,277.35,,,,,,
04-06-2025,20,Ongole - I,503,66700.5,256.08,,,,,,
04-06-2025,22,Podili - I,472,65137,223.66,,,,,,
04-06-2025,23,Ongole - II,643,87516.7,249.49,,,,,,
04-06-2025,24,Tangutur - I,575,75135.7,237.51,,,,,,
04-06-2025,25,Kondepi,462,59687.7,246.53,,,,,,
04-06-2025,26,Kandukur - I,450,59501.9,246.3,,,,,,
04-06-2025,27,Kandukur - II,504,68025,243.07,,,,,,
04-06-2025,28,Kaligiri,427,52784.9,238.49,,,,,,
04-06-2025,29,D.C. Palli,419,52478.9,235.44,,,,,,
04-06-2025,30,koyyalagudem,545,69006.6,275.12,,,,,,
04-06-2025,31,Vellampally-II,335,43583.3,235.6,,,,,,
04-06-2025,32,J.R. Gudem- II,622,81314.7,274.28,,,,,,
04-06-2025,33,Gopalapuram,312,39690.9,273.36,,,,,,
04-06-2025,35,Kanigiri,250,30256.5,225.24,,,,,,
05-06-2025,17,Devarapalli,330,43726.3,265.51,,,,,,
05-06-2025,18,J.R. Gudem - I,743,96118.3,276.12,,,,,,
05-06-2025,20,Ongole - I,528,72245.1,261.3,,,,,,
05-06-2025,22,Podili - I,435,57626.8,211.88,,,,,,
05-06-2025,23,Ongole - II,668,89639.2,244.05,,,,,,
05-06-2025,24,Tangutur - I,537,69676.2,241.28,,,,,,
05-06-2025,25,Kondepi,527,67316.9,251.1,,,,,,
05-06-2025,26,Kandukur - I,559,73564.4,243.56,,,,,,
05-06-2025,27,Kandukur - II,499,66861.6,238.09,,,,,,
05-06-2025,28,Kaligiri,366,45745.3,233.42,,,,,,
05-06-2025,29,D.C. Palli,485,62572,234.88,,,,,,
05-06-2025,30,koyyalagudem,695,87430.3,273.03,,,,,,
05-06-2025,31,Vellampally-II,471,63046.9,250.32,,,,,,
05-06-2025,32,J.R. Gudem- II,509,66681,268.6,,,,,,
05-06-2025,33,Gopalapuram,289,35477.5,280.68,,,,,,
05-06-2025,35,Kanigiri,347,43087.3,244.12,,,,,,
06-06-2025,17,Devarapalli,353,46868.6,244.25,,,,,,
06-06-2025,18,J.R. Gudem - I,407,54183.7,274.02,,,,,,
06-06-2025,20,Ongole - I,784,101179.2,238.76,,,,,,
06-06-2025,22,Podili - I,369,47348.4,228.79,,,,,,
06-06-2025,23,Ongole - II,411,51397.7,256.54,,,,,,
06-06-2025,24,Tangutur - I,546,72841.7,239.03,,,,,,
06-06-2025,25,Kondepi,605,76521.2,249.28,,,,,,
06-06-2025,26,Kandukur - I,664,88304.9,246.59,,,,,,
06-06-2025,27,Kandukur - II,451,61026.6,228.27,,,,,,
06-06-2025,28,Kaligiri,312,38198.4,232.15,,,,,,
06-06-2025,29,D.C. Palli,508,65875.5,225.33,,,,,,
06-06-2025,30,koyyalagudem,326,41289.7,269.13,,,,,,
06-06-2025,31,Vellampally-II,373,48137.4,231.86,,,,,,
06-06-2025,32,J.R. Gudem- II,530,67867.9,273.84,,,,,,
06-06-2025,33,Gopalapuram,388,49855.6,273.67,,,,,,
06-06-2025,35,Kanigiri,355,46085.7,238.45,,,,,,
09-06-2025,17,Devarapalli,435,57373.8,265.7,,,,,,
09-06-2025,18,J.R. Gudem - I,485,61887.8,269.55,,,,,,
09-06-2025,20,Ongole - I,582,74568.3,227.89,,,,,,
09-06-2025,22,Podili - I,391,48195.2,221.66,,,,,,
09-06-2025,23,Ongole - II,610,81819.3,227.99,,,,,,
09-06-2025,24,Tangutur - I,588,76167.1,241.29,,,,,,
09-06-2025,25,Kondepi,577,73665.4,251.52,,,,,,
09-06-2025,26,Kandukur - I,686,89972.3,253.47,,,,,,
09-06-2025,27,Kandukur - II,503,66006.5,232.83,,,,,,
09-06-2025,28,Kaligiri,255,33063,243.71,,,,,,
09-06-2025,29,D.C. Palli,546,69771.1,240.63,,,,,,
09-06-2025,30,koyyalagudem,924,115743.8,271.33,,,,,,
09-06-2025,31,Vellampally-II,592,78787.2,244.03,,,,,,
09-06-2025,32,J.R. Gudem- II,757,95734.1,263.88,,,,,,
09-06-2025,33,Gopalapuram,606,78308,277.09,,,,,,
09-06-2025,35,Kanigiri,481,62948.6,235.05,,,,,,
10-06-2025,17,Devarapalli,428,55629.7,272.44,,,,,,
10-06-2025,18,J.R. Gudem - I,504,64388,269.63,,,,,,
10-06-2025,20,Ongole - I,669,85169.4,238.73,,,,,,
10-06-2025,22,Podili - I,344,43720.4,209.89,,,,,,
10-06-2025,23,Ongole - II,564,74627.5,238.18,,,,,,
10-06-2025,24,Tangutur - I,527,67774.3,240.59,,,,,,
10-06-2025,25,Kondepi,589,74322.3,238.77,,,,,,
10-06-2025,26,Kandukur - I,600,77792.7,251.52,,,,,,
10-06-2025,27,Kandukur - II,465,61012.2,242.68,,,,,,
10-06-2025,28,Kaligiri,313,40893.7,234.28,,,,,,
10-06-2025,29,D.C. Palli,544,69346.1,229.08,,,,,,
10-06-2025,30,koyyalagudem,868,109693.4,277.58,,,,,,
10-06-2025,31,Vellampally-II,569,75474.4,247.31,,,,,,
10-06-2025,32,J.R. Gudem- II,842,108801.9,264.81,,,,,,
10-06-2025,33,Gopalapuram,883,112925.7,277.12,,,,,,
10-06-2025,35,Kanigiri,338,43400.3,234.59,,,,,,
11-06-2025,17,Devarapalli,574,75970.6,265.85,,,,,,
11-06-2025,18,J.R. Gudem - I,1033,133338.2,272.13,,,,,,
11-06-2025,20,Ongole - I,708,91314.3,242.05,,,,,,
11-06-2025,22,Podili - I,541,67731.1,209.31,,,,,,
11-06-2025,23,Ongole - II,769,102366.3,258.66,,,,,,
11-06-2025,24,Tangutur - I,587,75538.5,243.36,,,,,,
11-06-2025,25,Kondepi,620,79564.5,249.24,,,,,,
11-06-2025,26,Kandukur - I,652,87997.3,255.23,,,,,,
11-06-2025,27,Kandukur - II,452,58787.8,244.34,,,,,,
11-06-2025,28,Kaligiri,401,50281.2,233.31,,,,,,
11-06-2025,29,D.C. Palli,548,69972,232.82,,,,,,
11-06-2025,30,koyyalagudem,863,108667.4,275.19,,,,,,
11-06-2025,31,Vellampally-II,832,111590.5,250.91,,,,,,
11-06-2025,32,J.R. Gudem- II,681,87824.7,266.14,,,,,,
11-06-2025,33,Gopalapuram,487,62144.6,275.62,,,,,,
11-06-2025,35,Kanigiri,358,46641.7,225.79,,,,,,
12-06-2025,17,Devarapalli,396,52259.3,270.56,,,,,,
12-06-2025,18,J.R. Gudem - I,666,83193.5,265.61,,,,,,
12-06-2025,20,Ongole - I,768,97724.7,247.69,,,,,,
12-06-2025,22,Podili - I,332,41997.1,212.61,,,,,,
12-06-2025,23,Ongole - II,665,90118.5,256.44,,,,,,
12-06-2025,24,Tangutur - I,656,85783.7,239.86,,,,,,
12-06-2025,25,Kondepi,663,84520.8,247.51,,,,,,
12-06-2025,26,Kandukur - I,755,98167,251.91,,,,,,
12-06-2025,27,Kandukur - II,482,63317.4,250.82,,,,,,
12-06-2025,28,Kaligiri,378,47422.9,231.12,,,,,,
12-06-2025,29,D.C. Palli,481,62962.2,235.97,,,,,,
12-06-2025,30,koyyalagudem,491,62173.9,267.02,,,,,,
12-06-2025,31,Vellampally-II,453,58510.1,245.42,,,,,,
12-06-2025,32,J.R. Gudem- II,829,104890.6,273.9,,,,,,
12-06-2025,33,Gopalapuram,380,48027,272.04,,,,,,
12-06-2025,35,Kanigiri,376,47090.3,234.12,,,,,,
13-06-2025,17,Devarapalli,469,61062,262.91,,,,,,
13-06-2025,18,J.R. Gudem - I,875,113898.6,265.26,,,,,,
13-06-2025,20,Ongole - I,698,92196.8,246.29,,,,,,
13-06-2025,22,Podili - I,270,33985.1,215.56,,,,,,
13-06-2025,23,Ongole - II,722,95585.4,258.16,,,,,,
13-06-2025,24,Tangutur - I,639,80818.7,239.49,,,,,,
13-06-2025,25,Kondepi,622,78429.7,251.73,,,,,,
13-06-2025,26,Kandukur - I,603,79607.2,250.13,,,,,,
13-06-2025,27,Kandukur - II,650,84848.6,251.58,,,,,,
13-06-2025,28,Kaligiri,348,44432.1,249.58,,,,,,
13-06-2025,29,D.C. Palli,453,56539,231.23,,,,,,
13-06-2025,30,koyyalagudem,708,87484.5,268.47,,,,,,
13-06-2025,31,Vellampally-II,545,71847,225.65,,,,,,
13-06-2025,32,J.R. Gudem- II,859,108967.2,267.05,,,,,,
13-06-2025,33,Gopalapuram,505,65898.3,273.94,,,,,,
13-06-2025,35,Kanigiri,253,33584.5,237.51,,,,,,
14-06-2025,17,Devarapalli,668,89009.3,260.28,,,,,,
14-06-2025,18,J.R. Gudem - I,560,72343.6,260.93,,,,,,
14-06-2025,20,Ongole - I,846,107017.7,251.46,,,,,,
14-06-2025,22,Podili - I,518,64264,232.09,,,,,,
14-06-2025,23,Ongole - II,683,92202.8,249.01,,,,,,
14-06-2025,24,Tangutur - I,782,103112.1,251.41,,,,,,
14-06-2025,25,Kondepi,715,93148.4,245.37,,,,,,
14-06-2025,26,Kandukur - I,858,115199,259.36,,,,,,
14-06-2025,27,Kandukur - II,544,72390.1,251.35,,,,,,
14-06-2025,28,Kaligiri,315,39362,242.73,,,,,,
14-06-2025,29,D.C. Palli,508,64923.8,236.52,,,,,,
14-06-2025,30,koyyalagudem,881,112000.8,265.16,,,,,,
14-06-2025,31,Vellampally-II,572,72981.8,245.89,,,,,,
14-06-2025,32,J.R. Gudem- II,864,111974,266.19,,,,,,
14-06-2025,33,Gopalapuram,698,89283.9,275.72,,,,,,
14-06-2025,35,Kanigiri,329,42503.6,234.84,,,,,,
16-06-2025,17,Devarapalli,526,68041.2,267.79,,,,,,
16-06-2025,18,J.R. Gudem - I,938,121267.3,269.69,,,,,,
16-06-2025,20,Ongole - I,579,73704.2,252.64,,,,,,
16-06-2025,22,Podili - I,422,55067.4,233.02,,,,,,
16-06-2025,23,Ongole - II,688,91525,241.73,,,,,,
16-06-2025,24,Tangutur - I,590,76984.9,242.32,,,,,,
16-06-2025,25,Kondepi,726,94456.1,246,,,,,,
16-06-2025,26,Kandukur - I,827,116569.5,256.87,,,,,,
16-06-2025,27,Kandukur - II,574,73129.7,245.97,,,,,,
16-06-2025,28,Kaligiri,304,39434.4,260.14,,,,,,
16-06-2025,29,D.C. Palli,473,61905.8,241.05,,,,,,
16-06-2025,30,koyyalagudem,811,101328.4,269.03,,,,,,
16-06-2025,31,Vellampally-II,640,84219.3,240.56,,,,,,
16-06-2025,32,J.R. Gudem- II,856,109835.9,270.13,,,,,,
16-06-2025,33,Gopalapuram,552,70817.4,279.66,,,,,,
16-06-2025,35,Kanigiri,378,47677.9,232.05,,,,,,
17-06-2025,17,Devarapalli,625,82347.8,270.26,,,,,,
17-06-2025,18,J.R. Gudem - I,853,108450.5,270.07,,,,,,
17-06-2025,20,Ongole - I,648,81175.6,240.8,,,,,,
17-06-2025,22,Podili - I,447,57188.7,225.53,,,,,,
17-06-2025,23,Ongole - II,539,66094.3,249.78,,,,,,
17-06-2025,24,Tangutur - I,696,89564.6,245.04,,,,,,
17-06-2025,25,Kondepi,893,114105.1,259.11,,,,,,
17-06-2025,26,Kandukur - I,839,114038.7,256.5,,,,,,
17-06-2025,27,Kandukur - II,643,80416.8,251.45,,,,,,
17-06-2025,28,Kaligiri,389,51243.4,252.17,,,,,,
17-06-2025,29,D.C. Palli,555,71200.9,245.17,,,,,,
17-06-2025,30,koyyalagudem,770,96492.4,271.21,,,,,,
17-06-2025,31,Vellampally-II,693,92393.6,254.3,,,,,,
17-06-2025,32,J.R. Gudem- II,882,110609.7,269.59,,,,,,
17-06-2025,33,Gopalapuram,835,107846.4,275.4,,,,,,
17-06-2025,35,Kanigiri,414,51207.6,231.23,,,,,,
18-06-2025,17,Devarapalli,614,79602.5,265.64,,,,,,
18-06-2025,18,J.R. Gudem - I,893,116952.8,269.48,,,,,,
18-06-2025,20,Ongole - I,706,90193.1,252.12,,,,,,
18-06-2025,22,Podili - I,425,53609.3,213.21,,,,,,
18-06-2025,23,Ongole - II,717,96275.8,239.68,,,,,,
18-06-2025,24,Tangutur - I,589,72982.2,234.68,,,,,,
18-06-2025,25,Kondepi,307,39289.9,250.73,,,,,,
18-06-2025,26,Kandukur - I,1046,139377.7,265.12,,,,,,
18-06-2025,27,Kandukur - II,759,97663.1,253.12,,,,,,
18-06-2025,28,Kaligiri,382,48491.2,233.33,,,,,,
18-06-2025,29,D.C. Palli,578,74190.7,224.86,,,,,,
18-06-2025,30,koyyalagudem,520,66456.7,262.27,,,,,,
18-06-2025,31,Vellampally-II,622,79460.5,232.71,,,,,,
18-06-2025,32,J.R. Gudem- II,866,109280.9,266.95,,,,,,
18-06-2025,33,Gopalapuram,805,103216.2,268.12,,,,,,
18-06-2025,35,Kanigiri,475,62278.7,240.05,,,,,,
