23-03-2023,17,,27,206.598999,3758.6
24-03-2023,17,,535,198.850973,73021.7
25-03-2023,17,,585,197.26099,78873.7
27-03-2023,17,,341,194.832741,45620.9
28-03-2023,17,,563,194.035538,74666.3
31-03-2023,17,,512,194.283009,67893.2
29-03-2023,17,,333,194.542646,44812.8
01-04-2023,17,,452,192.852328,60391.3
03-04-2023,17,,361,196.105439,47545.7
05-04-2023,17,,539,192.948597,70601.5
06-04-2023,17,,404,196.802034,53169.9
10-04-2023,17,,506,188.34346,67513.5
08-04-2023,17,,554,194.001264,72063.4
11-04-2023,17,,552,188.175387,71312.3
13-04-2023,17,,342,189.164486,44012.1
12-04-2023,17,,373,191.667601,47873.6
15-04-2023,17,,483,189.890732,60908.6
17-04-2023,17,,611,190.295383,79651.5
18-04-2023,17,,601,188.007373,74900.9
19-04-2023,17,,799,192.559475,100181.1
20-04-2023,17,,641,192.200921,80382.8
21-04-2023,17,,913,190.426651,110170.4
24-04-2023,17,,1039,193.812168,125540.1
25-04-2023,17,,1208,193.787322,145455
26-04-2023,17,,834,193.037415,98419.2
28-04-2023,17,,940,196.989058,112418.8
27-04-2023,17,,771,195.055717,90199.6
29-04-2023,17,,713,198.175935,81422.1
02-05-2023,17,,719,196.927792,85065.9
03-05-2023,17,,882,196.007708,104882.4
04-05-2023,17,,576,197.762883,68144
06-05-2023,17,,844,198.658141,101258
08-05-2023,17,,1012,198.355744,119102.2
10-05-2023,17,,724,198.34313,85049.2
11-05-2023,17,,858,199.433184,102431.1
09-05-2023,17,,725,197.731732,87088.8
12-05-2023,17,,732,200.775141,86044.6
13-05-2023,17,,732,200.57772,85333.1
15-05-2023,17,,870,200.243848,105648.8
16-05-2023,17,,670,199.940251,75503
17-05-2023,17,,616,201.356387,73064.5
18-05-2023,17,,718,202.851493,86891.9
19-05-2023,17,,753,201.577653,85418.9
20-05-2023,17,,616,201.557266,72334.3
22-05-2023,17,,666,201.253759,80536.1
23-05-2023,17,,608,201.979992,70757.5
24-05-2023,17,,519,203.679857,63873.5
30-05-2023,17,,835,200.583324,99368.3
31-05-2023,17,,631,200.437947,78437.3
01-06-2023,17,,660,201.125128,81004.6
02-06-2023,17,,526,201.645468,62435.3
03-06-2023,17,,562,202.063201,71257.3
05-06-2023,17,,681,203.671126,82058.7
06-06-2023,17,,451,208.625823,55712
07-06-2023,17,,317,210.525791,36729
08-06-2023,17,,272,211.584546,32609.4
09-06-2023,17,,289,215.390814,32840.1
10-06-2023,17,,222,223.120955,26148.5
12-06-2023,17,,351,226.927207,41828.5
13-06-2023,17,,304,224.22211,35984.4
14-06-2023,17,,330,232.595807,41219.5
15-06-2023,17,,498,240.957506,61098.8
16-06-2023,17,,509,249.136073,62798.4
17-06-2023,17,,676,251.414668,85465.8
19-06-2023,17,,1185,253.698476,154591.9
21-06-2023,17,,1199,259.765106,150320.3
22-06-2023,17,,1253,258.697536,162279.6
23-06-2023,17,,1359,264.510174,171011
24-06-2023,17,,1536,267.91066,193378.7
26-06-2023,17,,679,279.732192,89290
27-06-2023,17,,1154,278.82313,150968.1
28-06-2023,17,,876,276.698341,111829.4
30-06-2023,17,,693,278.226903,91170.3
01-07-2023,17,,1153,278.134699,152720.8
03-07-2023,17,,1189,276.020803,153139
04-07-2023,17,,1064,276.706497,138963.6
05-07-2023,17,,969,277.356202,124384.1
06-07-2023,17,,1119,276.647789,146533.7
07-07-2023,17,,1044,277.722188,138632
10-07-2023,17,,700,275.973189,89931.1
11-07-2023,17,,946,277.333524,125552.4
12-07-2023,17,,777,277.823843,99131.4
08-07-2023,17,,293,276.978329,37926.9
13-07-2023,17,,911,278.918895,119266.6
14-07-2023,17,,862,277.89797,114651
15-07-2023,17,,784,276.330188,102196.3
17-07-2023,17,,783,278.300185,102899.2
18-07-2023,17,,649,277.244685,82952.1
20-07-2023,17,,740,279.5628,97650
21-07-2023,17,,607,269.8413,74145.3
22-07-2023,17,,639,265.838916,81034
24-07-2023,17,,346,279.005695,43438.4
25-07-2023,17,,502,278.409104,62748.2
26-07-2023,17,,513,281.342414,66359.7
27-07-2023,17,,341,277.579804,42574.2
28-07-2023,17,,319,278.250345,40778.4
31-07-2023,17,,807,279.921308,102509.2
19-07-2023,17,,719,278.865726,93362.4
01-08-2023,17,,976,279.821081,125602.7
02-08-2023,17,,600,281.028905,77389.5
03-08-2023,17,,741,281.01668,95813.5
04-08-2023,17,,1217,280.669106,157300.8
05-08-2023,17,,1043,281.547283,134191.6
07-08-2023,17,,1144,281.61605,145900.8
08-08-2023,17,,887,281.890557,116348.3
09-08-2023,17,,1696,283.022697,215925.7
10-08-2023,17,,1723,279.954228,217314.9
10-08-2023,18,,1441,282.455151,180781.2
11-08-2023,18,,1009,282.386514,120886.4
12-08-2023,18,,1144,282.987547,144560.2
14-08-2023,18,,1264,282.975199,159846.4
16-08-2023,18,,1287,281.976709,163113.2
17-08-2023,18,,1184,282.745475,151119.7
18-08-2023,18,,1323,283.063896,163054.3
19-08-2023,18,,1335,282.744841,168012.2
09-08-2023,18,,1243,282.40409,151498.8
08-08-2023,18,,1092,281.754635,138820.6
07-08-2023,18,,954,280.84712,118630.5
05-08-2023,18,,1175,280.751721,151407.5
04-08-2023,18,,1189,280.622785,146224
03-08-2023,18,,1207,280.412717,146755.5
02-08-2023,18,,1047,278.2083,132144.9
21-08-2023,18,,1319,281.113638,161069.3
22-08-2023,18,,1271,279.964304,154621.8
23-08-2023,18,,623,271.874592,71069
01-08-2023,18,,772,279.691778,97146.2
19-07-2023,18,,916,278.932912,119334.1
31-07-2023,18,,989,278.99558,124730.7
28-07-2023,18,,836,279.267466,105300.6
27-07-2023,18,,863,279.490106,110744.2
26-07-2023,18,,1218,279.994869,150896
25-07-2023,18,,1217,278.981416,144929.7
24-07-2023,18,,874,278.04485,111114.3
22-07-2023,18,,836,278.67438,103733.1
21-07-2023,18,,1073,278.591919,138776.2
20-07-2023,18,,1139,277.639471,142994.6
18-07-2023,18,,833,278.015177,106115.3
17-07-2023,18,,750,275.923795,91089.9
15-07-2023,18,,1024,277.77636,132562.8
14-07-2023,18,,946,278.170749,120605.3
13-07-2023,18,,1124,276.050771,142214.2
08-07-2023,18,,1147,275.978592,136886.7
12-07-2023,18,,1125,275.792018,140763.6
11-07-2023,18,,839,277.665471,109255.5
10-07-2023,18,,1261,277.049454,158110.2
07-07-2023,18,,1142,276.707017,148134.4
06-07-2023,18,,982,278.843814,124498.5
05-07-2023,18,,1172,276.648112,149249.4
04-07-2023,18,,1308,274.457701,163721.4
03-07-2023,18,,1134,275.291218,146292.7
01-07-2023,18,,1166,275.081706,144252.5
30-06-2023,18,,1253,276.402173,150959
28-06-2023,18,,851,278.074054,112541
27-06-2023,18,,1279,275.34448,162340.5
26-06-2023,18,,1219,277.367653,153854.1
24-06-2023,18,,1487,282.779483,185947.8
23-06-2023,18,,1330,272.53964,167185.3
22-06-2023,18,,1272,265.152669,161727
21-06-2023,18,,1201,264.264885,151380.9
19-06-2023,18,,975,257.367665,122192.8
17-06-2023,18,,1296,252.551841,158922.9
16-06-2023,18,,1029,253.258462,126637.5
15-06-2023,18,,583,245.307111,70985.3
14-06-2023,18,,538,236.281726,62408.5
13-06-2023,18,,395,227.490049,46242.7
12-06-2023,18,,485,227.556563,57721.2
09-06-2023,18,,187,219.578738,20399.7
08-06-2023,18,,271,213.689573,31421.6
07-06-2023,18,,316,209.230122,33815.5
06-06-2023,18,,479,210.371556,54341.1
05-06-2023,18,,415,207.657589,45298.8
03-06-2023,18,,532,205.140336,62457
02-06-2023,18,,474,204.416792,51767.7
01-06-2023,18,,479,202.78634,51902.7
31-05-2023,18,,594,203.307295,66984.7
30-05-2023,18,,789,204.747873,83830.8
24-05-2023,18,,545,206.781335,60874.6
23-05-2023,18,,534,206.602654,59014.9
22-05-2023,18,,841,206.296102,89072.5
20-05-2023,18,,746,205.785638,80537.7
19-05-2023,18,,1109,205.711421,123347.5
18-05-2023,18,,734,204.911756,77699.8
17-05-2023,18,,917,203.882347,95154.9
16-05-2023,18,,626,204.168853,66820.2
15-05-2023,18,,1294,202.713845,138741.9
13-05-2023,18,,1229,203.024439,131808.4
12-05-2023,18,,592,203.838899,65090.3
09-05-2023,18,,819,199.089083,88815.9
11-05-2023,18,,782,205.456764,83864.6
10-05-2023,18,,1032,200.418215,107753.1
08-05-2023,18,,1096,196.735482,120955.7
06-05-2023,18,,1023,198.265343,108180.9
04-05-2023,18,,995,195.908798,103537.2
03-05-2023,18,,1076,195.548295,115237.9
02-05-2023,18,,1096,195.68919,117975
29-04-2023,18,,642,190.54845,66252.6
27-04-2023,18,,714,199.92509,78886.1
28-04-2023,18,,1075,194.655939,115923.4
26-04-2023,18,,988,195.51042,108607.8
25-04-2023,18,,1080,193.785499,119049.5
24-04-2023,18,,1045,195.788213,118470.5
21-04-2023,18,,830,191.202916,94908.1
20-04-2023,18,,920,190.532304,105526.6
19-04-2023,18,,550,193.422393,65259.1
18-04-2023,18,,988,192.976746,114252.2
17-04-2023,18,,747,192.672752,87143.7
15-04-2023,18,,710,189.844575,85207.8
12-04-2023,18,,909,194.51254,112571.1
13-04-2023,18,,665,189.661292,78704.2
11-04-2023,18,,1157,190.011362,140705.7
08-04-2023,18,,610,193.851445,73269.5
10-04-2023,18,,745,194.218921,91513.6
06-04-2023,18,,957,194.821616,118467
05-04-2023,18,,705,195.660925,85530.2
03-04-2023,18,,646,193.494494,78684.6
01-04-2023,18,,965,198.668635,120577.6
29-03-2023,18,,687,196.133161,86225.9
31-03-2023,18,,934,199.999917,116826.7
28-03-2023,18,,809,196.811007,102985.6
27-03-2023,18,,430,201.748437,55713
25-03-2023,18,,268,202.353936,35109.1
24-03-2023,18,,420,204.536977,53443
23-03-2023,18,,27,210,3826
23-03-2023,20,,1012,195.054917,124688.7
24-03-2023,20,,884,195.08494,117446.5
25-03-2023,20,,903,191.561033,117624.3
27-03-2023,20,,815,192.302625,107087.9
28-03-2023,20,,816,193.167749,109475.4
31-03-2023,20,,979,188.052484,128565.4
29-03-2023,20,,829,193.29585,112730.5
01-04-2023,20,,459,187.1533,58639.2
03-04-2023,20,,673,189.218923,88448.2
24-02-2023,20,,43,200,5472.5
25-02-2023,20,,205,199.78419,26513.6
27-02-2023,20,,172,197.804097,21904.8
28-02-2023,20,,234,196.736803,29787.3
01-03-2023,20,,366,198.190598,47854.6
02-03-2023,20,,378,197.907726,49192.7
03-03-2023,20,,480,196.373794,62125.9
04-03-2023,20,,463,198.789478,59761.1
06-03-2023,20,,344,199.171997,44688.9
08-03-2023,20,,703,197.318923,89558.8
09-03-2023,20,,691,197.226846,84473
10-03-2023,20,,653,197.072985,85174.3
11-03-2023,20,,733,196.502202,92876.4
13-03-2023,20,,708,196.683943,93601.8
14-03-2023,20,,690,197.559782,91701.5
15-03-2023,20,,1108,196.705516,139480
16-03-2023,20,,802,196.654112,101509.3
17-03-2023,20,,747,193.319524,95905.5
18-03-2023,20,,745,197.052893,95498.1
20-03-2023,20,,797,196.07051,103249.7
21-03-2023,20,,821,194.924562,107386.9
05-04-2023,20,,761,189.666568,100214.1
06-04-2023,20,,876,189.128681,115359.9
10-04-2023,20,,845,188.198632,104891.9
08-04-2023,20,,663,190.10133,88825
11-04-2023,20,,863,186.227724,110652.4
13-04-2023,20,,845,185.55177,107639
12-04-2023,20,,880,184.799544,110517.4
17-04-2023,20,,780,187.811568,99139.1
18-04-2023,20,,839,189.315751,109108.7
19-04-2023,20,,1125,193.941155,144477.2
20-04-2023,20,,1113,192.541077,138204.7
21-04-2023,20,,1180,194.510953,146493.1
25-04-2023,20,,1240,194.157954,153777.6
26-04-2023,20,,1163,195.25754,145395.3
28-04-2023,20,,1100,194.885992,134038.2
29-04-2023,20,,1312,194.246225,153519.3
02-05-2023,20,,1200,195.313102,148400.4
03-05-2023,20,,1150,195.191555,136938.5
04-05-2023,20,,1009,196.867566,123514.9
08-05-2023,20,,1021,197.090845,124513.1
10-05-2023,20,,1053,197.313043,132376.9
11-05-2023,20,,854,196.42463,103323.4
09-05-2023,20,,1143,198.787433,143737.5
12-05-2023,20,,942,197.54242,111143
13-05-2023,20,,1029,198.246605,126647.4
15-05-2023,20,,1034,198.343568,124670.9
17-05-2023,20,,881,196.944957,102318.2
18-05-2023,20,,1118,198.873511,126780.5
19-05-2023,20,,940,198.952739,114075.2
20-05-2023,20,,971,199.282449,115680.9
22-05-2023,20,,875,199.358981,105682.6
24-05-2023,20,,836,198.871434,98220.7
25-05-2023,20,,974,199.751678,120577.1
26-05-2023,20,,1100,199.464471,135232.1
30-05-2023,20,,1017,199.418304,123312.2
27-05-2023,20,,823,199.239106,98167.7
29-05-2023,20,,950,199.175556,110164.9
31-05-2023,20,,847,198.887157,100906.4
01-06-2023,20,,766,199.23138,91881.5
02-06-2023,20,,992,199.059739,113460.4
03-06-2023,20,,944,199.386427,112755.2
05-06-2023,20,,820,201.183988,98963.9
06-06-2023,20,,854,204.145373,102631
07-06-2023,20,,817,206.348018,97124.7
09-06-2023,20,,972,216.411772,117619.4
15-06-2023,20,,1138,228.887292,139385.8
16-06-2023,20,,939,231.892731,110947.4
17-06-2023,20,,971,229.855098,114121.1
19-06-2023,20,,1200,231.02089,142000.6
21-06-2023,20,,900,233.78757,104988.8
22-06-2023,20,,975,236.209342,114175.1
23-06-2023,20,,1233,232.469301,137436.2
24-06-2023,20,,694,235.522822,81457.1
26-06-2023,20,,892,232.844509,104405.1
27-06-2023,20,,839,230.537549,99068.7
28-06-2023,20,,669,237.127941,78149.6
30-06-2023,20,,827,229.098871,97997.9
01-07-2023,20,,911,230.863788,105631
03-07-2023,20,,942,234.760531,111866.1
04-07-2023,20,,1217,232.494517,139040.9
05-07-2023,20,,949,231.526087,108229.2
10-07-2023,20,,868,235.962836,106069.4
11-07-2023,20,,1060,229.650252,130368.3
12-07-2023,20,,1072,229.92024,130197.6
08-07-2023,20,,1114,234.97218,138832.4
13-07-2023,20,,964,226.754794,115669.2
14-07-2023,20,,869,232.742223,105018.8
15-07-2023,20,,1115,232.232158,129832.4
17-07-2023,20,,1022,236.635578,127675.3
18-07-2023,20,,1099,235.134136,136411.4
20-07-2023,20,,1034,239.286518,127839.2
21-07-2023,20,,1015,241.382454,129596
22-07-2023,20,,1137,240.279665,140153
24-07-2023,20,,811,239.168925,97778.2
25-07-2023,20,,1068,238.214436,131112
26-07-2023,20,,1111,239.687485,135053.7
27-07-2023,20,,1089,246.895965,131732.8
28-07-2023,20,,835,254.597666,100146
31-07-2023,20,,981,251.520914,113223.8
19-07-2023,20,,952,233.478435,117878.7
01-08-2023,20,,982,258.887708,119634.6
23-08-2023,20,,1853,259.60451,219403.9
22-08-2023,20,,1570,264.392189,201729.8
21-08-2023,20,,1378,266.126487,174200.1
07-03-2023,20,,790,198.423627,99811.1
25-08-2023,20,,1096,269.160364,136821.2
02-08-2023,20,,1054,257.75927,131083.9
03-08-2023,20,,918,252.120549,114028.1
04-08-2023,20,,1094,265.510595,140277.8
05-08-2023,20,,1033,261.998326,136113.4
07-08-2023,20,,888,256.376724,109364.4
08-08-2023,20,,1339,262.342344,160013.5
09-08-2023,20,,1281,267.815807,154191.2
18-08-2023,20,,1342,264.964069,165294.8
17-08-2023,20,,1322,265.135771,163380.3
16-08-2023,20,,1326,266.021731,154344.8
14-08-2023,20,,1367,264.729929,166738.9
12-08-2023,20,,1493,266.500829,184792.7
11-08-2023,20,,695,266.041458,85063.7
10-08-2023,20,,741,269.211672,89696.6
10-08-2023,22,,738,250.842194,89408
09-08-2023,22,,862,253.260312,105348.3
08-08-2023,22,,1320,260.288629,163929
07-08-2023,22,,1288,255.429715,158812
05-08-2023,22,,1039,245.042406,123296.1
04-08-2023,22,,1095,254.433701,141783.2
03-08-2023,22,,816,241.306296,102395.3
02-08-2023,22,,1039,248.232898,123947.7
01-08-2023,22,,550,248.807614,71289.8
19-07-2023,22,,994,238.007108,127934.2
31-07-2023,22,,877,242.744152,106653.9
28-07-2023,22,,939,241.40056,112425.6
27-07-2023,22,,1200,251.861136,154974
26-07-2023,22,,707,235.841906,80774.5
25-07-2023,22,,1002,230.664913,124111.4
24-07-2023,22,,950,233.935899,113195.3
22-07-2023,22,,415,237.264324,51683.5
21-07-2023,22,,973,237.412776,130510.6
20-07-2023,22,,1146,233.797334,153836.4
18-07-2023,22,,847,233.664928,108698.3
17-07-2023,22,,1023,233.444256,129437.5
15-07-2023,22,,1180,232.583867,152529.4
14-07-2023,22,,1189,239.413421,155842
13-07-2023,22,,842,234.003959,101259.6
08-07-2023,22,,447,223.281953,53608.5
12-07-2023,22,,929,233.971887,119717.2
11-07-2023,22,,837,234.647966,104599.6
10-07-2023,22,,1031,233.731572,127168
05-07-2023,22,,335,227.482641,43641.7
04-07-2023,22,,876,231.455293,110155.4
06-07-2023,22,,695,231.075848,92245.2
07-07-2023,22,,511,230.842661,61036
03-07-2023,22,,571,228.227799,70204.6
01-07-2023,22,,948,232.260127,116985.1
30-06-2023,22,,862,233.145882,101531.5
28-06-2023,22,,952,235.967691,114864.9
27-06-2023,22,,806,235.820352,100014.4
26-06-2023,22,,833,234.85608,98315.5
24-06-2023,22,,748,235.642091,101569.3
23-06-2023,22,,789,238.169691,105703.9
22-06-2023,22,,660,236.512538,82671.1
21-06-2023,22,,963,230.790927,124568.2
19-06-2023,22,,869,229.545833,108343.2
17-06-2023,22,,434,230.361979,53511.6
16-06-2023,22,,922,240.766716,118329.8
15-06-2023,22,,955,232.348852,115043.1
13-06-2023,22,,885,224.152216,110138.7
14-06-2023,22,,923,228.549745,117430.5
09-06-2023,22,,740,221.088073,101076.9
08-06-2023,22,,613,208.656453,77485.6
12-06-2023,22,,885,219.630532,105182
10-06-2023,22,,703,229.185658,94283.8
07-06-2023,22,,829,206.828841,106839
06-06-2023,22,,445,204.737206,56072.6
05-06-2023,22,,901,201.232305,116113.7
02-06-2023,22,,1153,199.018563,152592.7
01-06-2023,22,,937,196.623044,114447.4
31-05-2023,22,,869,198.339229,111541.7
29-05-2023,22,,854,199.060977,104787
27-05-2023,22,,995,198.778551,133422.6
30-05-2023,22,,901,198.121257,114370.6
26-05-2023,22,,686,199.039075,91726.4
25-05-2023,22,,487,199.210438,65736.9
24-05-2023,22,,1080,198.534792,139433.4
23-05-2023,22,,839,199.046091,108004.1
22-05-2023,22,,380,199.372073,50091.2
20-05-2023,22,,1029,199.826295,131489.8
18-05-2023,22,,1042,198.265108,132274.2
17-05-2023,22,,1638,199.066878,215988.9
15-05-2023,22,,1245,197.574867,154907.3
13-05-2023,22,,1144,196.937456,149328.7
12-05-2023,22,,1233,195.336978,155457
09-05-2023,22,,1190,196.709697,161688.1
11-05-2023,22,,1124,194.526062,141038.3
10-05-2023,22,,878,195.342787,118820.1
08-05-2023,22,,1064,193.310735,139494.9
06-05-2023,22,,793,194.942207,104042.7
04-05-2023,22,,1237,194.44907,160705
03-05-2023,22,,837,195.038559,107688.5
02-05-2023,22,,731,195.376297,96392.1
29-04-2023,22,,664,196.494134,87675.9
28-04-2023,22,,463,193.945913,60127.4
26-04-2023,22,,1187,195.264107,147990.7
25-04-2023,22,,1125,195.277005,144302.9
21-04-2023,22,,1085,194.924022,134854.8
20-04-2023,22,,1101,193.855743,136813.2
19-04-2023,22,,992,188.338522,130737.9
18-04-2023,22,,784,188.164656,105224.4
17-04-2023,22,,638,187.758512,84148.6
15-04-2023,22,,384,184.773203,48822.2
13-04-2023,22,,215,186.517938,28661.3
08-04-2023,22,,1111,191.230426,146432
10-04-2023,22,,825,190.348027,110680
06-04-2023,22,,1379,194.278328,184868
05-04-2023,22,,956,190.590828,125141.8
21-03-2023,22,,383,197.533065,50823.6
20-03-2023,22,,254,197.153518,33017.5
18-03-2023,22,,293,197.416219,37514.8
17-03-2023,22,,455,196.926875,59159.3
16-03-2023,22,,545,197.242211,71703.5
15-03-2023,22,,331,198.467133,41148
14-03-2023,22,,264,197.469993,33637.3
13-03-2023,22,,778,197.752069,101315.4
11-03-2023,22,,394,198.694986,48669.3
10-03-2023,22,,328,198.519717,40968.8
09-03-2023,22,,348,198.147115,44576
08-03-2023,22,,197,198.671106,25317
06-03-2023,22,,375,198.844533,47812.2
04-03-2023,22,,214,197.533225,26535.1
03-03-2023,22,,638,198.764167,82202.5
02-03-2023,22,,534,198.082026,68680.3
01-03-2023,22,,360,197.677681,45500.3
28-02-2023,22,,170,197.437296,21392.8
27-02-2023,22,,428,198.183252,54142.7
25-02-2023,22,,95,199.10158,12360.6
24-02-2023,22,,27,200,3589.9
03-04-2023,22,,792,192.207277,106870.2
29-03-2023,22,,814,195.187387,106077.3
31-03-2023,22,,825,192.152671,108211.9
28-03-2023,22,,460,193.274962,62266
27-03-2023,22,,421,196.231293,58385.9
25-03-2023,22,,656,197.917687,87587.8
24-03-2023,22,,356,198.07168,48511
23-03-2023,22,,306,198.215395,41103.5
23-03-2023,23,,578,195.228747,77116.6
24-03-2023,23,,868,197.52473,117529.4
25-03-2023,23,,780,195.449124,104677.7
27-03-2023,23,,926,194.297194,122948.6
28-03-2023,23,,971,194.043317,131726.4
31-03-2023,23,,822,189.616072,105639.7
29-03-2023,23,,805,192.958674,109682.9
01-04-2023,23,,817,192.435347,110543.9
03-04-2023,23,,710,187.260759,93303
09-03-2023,23,,27,200,3278.6
10-03-2023,23,,98,198.686925,12503.1
11-03-2023,23,,263,197.028124,32661.4
13-03-2023,23,,366,197.771079,48956.8
14-03-2023,23,,424,198.002924,55419.5
15-03-2023,23,,574,197.828205,76922.6
16-03-2023,23,,578,199.30114,75015.1
17-03-2023,23,,562,198.384534,76404.8
18-03-2023,23,,415,195.873823,56668.3
20-03-2023,23,,730,196.563026,92999.6
21-03-2023,23,,713,196.783197,96756.3
05-04-2023,23,,628,187.773077,84957.2
06-04-2023,23,,679,187.58087,89284.5
10-04-2023,23,,774,190.900539,101211.4
08-04-2023,23,,699,190.789099,92466.5
11-04-2023,23,,756,190.141752,101087.2
13-04-2023,23,,742,186.443574,99164.4
12-04-2023,23,,806,191.378689,108542.7
17-04-2023,23,,803,189.218788,100384.4
18-04-2023,23,,822,188.103971,101568.8
19-04-2023,23,,752,188.596053,95475.1
20-04-2023,23,,891,192.375045,112719.6
21-04-2023,23,,1037,194.531353,131851.5
25-04-2023,23,,916,194.142007,115949.1
26-04-2023,23,,943,195.588219,121409.4
28-04-2023,23,,974,194.220064,116577.8
27-04-2023,23,,889,196.197308,114918.5
02-05-2023,23,,887,195.064542,108486.5
03-05-2023,23,,908,196.437016,113532.9
04-05-2023,23,,1119,196.93135,140709.6
06-05-2023,23,,1212,197.035455,150484.2
08-05-2023,23,,1094,197.388202,135585.5
10-05-2023,23,,1346,199.071273,171454.9
11-05-2023,23,,1146,199.379311,146087.4
12-05-2023,23,,763,197.462599,90015.5
13-05-2023,23,,844,199.657324,105282.1
15-05-2023,23,,749,198.237225,90698.7
17-05-2023,23,,825,199.685713,102108
16-05-2023,23,,853,199.288593,105792.1
18-05-2023,23,,777,199.405111,94389.6
19-05-2023,23,,1026,199.775622,129656.1
20-05-2023,23,,1011,199.646174,128369.7
23-05-2023,23,,985,199.709574,114455.7
24-05-2023,23,,1077,199.61989,134366.9
25-05-2023,23,,740,199.663808,92928.1
30-05-2023,23,,663,199.996621,81636.6
27-05-2023,23,,576,199.917123,72599.9
29-05-2023,23,,668,199.709737,82380.5
31-05-2023,23,,759,200.072255,94770
01-06-2023,23,,550,199.939704,68134.5
02-06-2023,23,,602,199.581308,78062.1
05-06-2023,23,,714,200.313027,81223.3
03-06-2023,23,,613,199.948492,77229.5
06-06-2023,23,,783,205.281408,99467.2
07-06-2023,23,,512,207.868425,63393
08-06-2023,23,,687,209.818035,83513.1
09-06-2023,23,,414,213.252293,51594.2
14-06-2023,23,,621,224.422479,77110.2
13-06-2023,23,,538,218.063868,64247.4
15-06-2023,23,,603,227.413576,72971.1
16-06-2023,23,,623,236.550368,76074.5
17-06-2023,23,,578,236.367351,71988.8
19-06-2023,23,,753,235.04487,93263.2
21-06-2023,23,,858,234.264996,95726.5
22-06-2023,23,,493,235.943743,58887.2
23-06-2023,23,,802,239.727342,97963.6
24-06-2023,23,,622,238.850723,75930.8
26-06-2023,23,,592,235.642001,70413.8
27-06-2023,23,,622,236.692637,77324.6
28-06-2023,23,,587,234.743725,70032.2
30-06-2023,23,,857,232.998222,101545.7
01-07-2023,23,,505,229.471124,56806.4
03-07-2023,23,,918,231.964801,106957.3
07-07-2023,23,,585,236.32151,71454.2
10-07-2023,23,,567,233.855269,71458.1
11-07-2023,23,,559,226.979812,70345.9
12-07-2023,23,,608,235.040007,76922.2
08-07-2023,23,,616,230.950335,77687.8
13-07-2023,23,,666,234.113181,88391.4
14-07-2023,23,,670,231.717197,84079.6
15-07-2023,23,,752,231.17469,96657
17-07-2023,23,,1007,231.324292,130182.3
18-07-2023,23,,624,233.763668,74656.6
20-07-2023,23,,820,231.564241,100886.4
21-07-2023,23,,736,236.081757,92999.8
22-07-2023,23,,740,240.993478,94025.4
24-07-2023,23,,811,244.191889,102713.5
25-07-2023,23,,815,243.341066,105043.9
26-07-2023,23,,1077,245.594323,138365.5
27-07-2023,23,,730,247.961017,93253.9
28-07-2023,23,,509,258.007649,61701.7
31-07-2023,23,,468,257.717407,57928.2
19-07-2023,23,,791,235.654563,102758.3
01-08-2023,23,,746,254.316006,93906.6
02-08-2023,23,,856,253.630825,104625.1
03-08-2023,23,,689,259.010292,86673.1
04-08-2023,23,,918,265.723127,119904.3
05-08-2023,23,,867,264.9781,112868.7
07-08-2023,23,,877,265.803681,114049.3
08-08-2023,23,,679,263.614026,85728.7
09-08-2023,23,,890,269.031334,111753.2
10-08-2023,23,,281,267.024042,35026
11-08-2023,23,,411,275.163019,53220
12-08-2023,23,,966,271.705309,124559.4
14-08-2023,23,,1395,269.21557,182655.2
16-08-2023,23,,774,269.173258,101779.2
16-08-2023,24,,1267,262.674552,151810.5
17-08-2023,24,,1232,265.324062,152807.9
18-08-2023,24,,1328,267.217928,168120.7
14-08-2023,24,,1228,263.779414,152552.2
12-08-2023,24,,1238,265.465885,151964.9
11-08-2023,24,,1127,267.720808,136631.7
10-08-2023,24,,1043,269.589506,126475.6
08-08-2023,24,,1148,262.194187,145452.1
07-08-2023,24,,1141,264.644963,143924.4
05-08-2023,24,,1206,255.259718,143495.4
04-08-2023,24,,1206,260.878821,147926.4
03-08-2023,24,,1093,251.786888,128005
02-08-2023,24,,1096,257.642862,136092
21-08-2023,24,,1216,263.650298,147840.3
22-08-2023,24,,1212,264.761587,148764.2
23-08-2023,24,,1200,263.184927,148735
01-08-2023,24,,1161,262.038922,146001.5
19-07-2023,24,,1002,232.37779,117258.7
31-07-2023,24,,1152,257.466868,147870.2
28-07-2023,24,,1027,253.801733,126212
27-07-2023,24,,956,246.838111,113766.9
26-07-2023,24,,956,238.233929,113914.1
25-07-2023,24,,971,241.719316,122022
24-07-2023,24,,1127,232.354961,139657.5
22-07-2023,24,,1110,241.446701,134960.4
21-07-2023,24,,991,236.864264,121058.6
20-07-2023,24,,1006,238.138484,126581.1
18-07-2023,24,,987,230.716347,119428
17-07-2023,24,,878,239.511568,109466.5
15-07-2023,24,,818,229.858964,100341.2
14-07-2023,24,,910,228.427687,107152
13-07-2023,24,,741,227.332924,89864.6
08-07-2023,24,,804,225.675332,89272.6
12-07-2023,24,,728,219.967016,79266.1
11-07-2023,24,,663,227.689371,72901.8
10-07-2023,24,,1027,223.246551,112036.6
07-07-2023,24,,984,225.665497,115220.2
06-07-2023,24,,987,229.213138,113165
04-07-2023,24,,1050,231.928785,125655.3
05-07-2023,24,,1106,227.223186,130209.5
03-07-2023,24,,1011,228.222068,120716.7
01-07-2023,24,,934,229.015899,109156.8
30-06-2023,24,,1051,214.4136,118692.4
28-06-2023,24,,1065,230.5158,126526.2
27-06-2023,24,,932,242.738069,114157.7
26-06-2023,24,,1056,233.584889,124212.1
24-06-2023,24,,990,239.26075,112670.1
23-06-2023,24,,997,240.939452,117919
22-06-2023,24,,826,240.835563,97145.5
21-06-2023,24,,864,240.592994,103836
19-06-2023,24,,1030,239.42789,123806.6
17-06-2023,24,,959,241.253614,115983.9
16-06-2023,24,,1084,235.482894,131326.3
15-06-2023,24,,826,232.076685,102706.4
13-06-2023,24,,200,209.281989,22702.3
14-06-2023,24,,655,212.394455,75300.8
09-06-2023,24,,940,220.162952,114731.5
08-06-2023,24,,798,208.375266,91420.8
10-06-2023,24,,832,231.025367,98639.5
12-06-2023,24,,908,212.539927,106933.7
07-06-2023,24,,765,207.550013,90422.3
06-06-2023,24,,844,205.859769,98890.6
03-06-2023,24,,1018,199.717106,125984.5
05-06-2023,24,,845,201.464955,101089.9
02-06-2023,24,,971,199.842428,117941.1
01-06-2023,24,,1075,199.44851,129264.2
31-05-2023,24,,841,199.92997,103186.3
29-05-2023,24,,972,199.855489,116734
27-05-2023,24,,864,199.44179,102968.3
30-05-2023,24,,909,199.895165,104759.1
25-05-2023,24,,495,199.919507,60352.4
26-05-2023,24,,509,199.700088,63052.9
24-05-2023,24,,815,199.807625,95929.1
23-05-2023,24,,852,199.61337,101146.9
22-05-2023,24,,900,199.913193,106226.9
18-05-2023,24,,873,199.521711,105162.3
16-05-2023,24,,1053,199.514891,127816
15-05-2023,24,,943,199.297792,114993
12-05-2023,24,,1064,199.016458,129091.6
09-05-2023,24,,944,197.424147,113286.9
11-05-2023,24,,837,198.293195,103259.8
10-05-2023,24,,882,198.259748,103159.7
08-05-2023,24,,866,196.331154,104396.6
06-05-2023,24,,1007,197.068941,125744.8
04-05-2023,24,,778,198.118899,93934.1
03-05-2023,24,,858,195.97396,103393.5
02-05-2023,24,,891,195.047208,106221.6
27-04-2023,24,,945,195.895158,119274.8
29-04-2023,24,,824,196.165444,103836.4
28-04-2023,24,,995,196.063924,123543.3
26-04-2023,24,,1070,197.142332,136267.3
25-04-2023,24,,931,196.233874,117405.1
21-04-2023,24,,872,196.864195,107043.8
20-04-2023,24,,978,195.687188,121494.7
19-04-2023,24,,825,192.807123,105343.6
18-04-2023,24,,947,190.917456,121283.5
17-04-2023,24,,792,189.273565,98107.7
12-04-2023,24,,856,188.027187,109817.2
13-04-2023,24,,824,187.240754,104575.9
11-04-2023,24,,839,190.637409,111436.7
10-04-2023,24,,987,191.230711,130984.3
06-04-2023,24,,901,193.166061,119994.5
05-04-2023,24,,1054,193.591115,141652.3
21-03-2023,24,,916,198.746915,121503.1
20-03-2023,24,,853,197.641098,110196.1
18-03-2023,24,,1017,199.335407,132617.9
17-03-2023,24,,764,196.974993,98798.6
16-03-2023,24,,651,191.873011,82525.3
15-03-2023,24,,759,196.990633,99044.9
14-03-2023,24,,620,197.635533,81319.7
13-03-2023,24,,653,198.093023,89068.2
11-03-2023,24,,475,198.659904,59692
10-03-2023,24,,600,198.685973,77236.5
09-03-2023,24,,45,200,5828.2
03-04-2023,24,,811,193.116825,107860.7
01-04-2023,24,,765,190.74879,100103.5
29-03-2023,24,,931,194.33884,124603.7
31-03-2023,24,,887,195.254395,117752.2
28-03-2023,24,,964,194.144574,130806.4
27-03-2023,24,,732,192.033647,95060.1
25-03-2023,24,,783,196.642061,103332.7
24-03-2023,24,,731,195.846639,94462.4
23-03-2023,24,,759,195.591967,99673.7
23-03-2023,25,,870,197.333102,113601.4
24-03-2023,25,,912,198.848819,116909.9
25-03-2023,25,,796,197.126974,106120.3
27-03-2023,25,,938,196.204391,123950.1
28-03-2023,25,,942,196.257919,126045.4
31-03-2023,25,,927,194.631341,124765.9
29-03-2023,25,,868,198.20955,115198.8
01-04-2023,25,,1008,195.523072,134953.7
03-04-2023,25,,849,194.330437,113051.2
09-03-2023,25,,730,198.267686,93928.1
06-03-2023,25,,648,198.196982,80207.2
08-03-2023,25,,820,198.017016,101363.2
10-03-2023,25,,661,196.987953,84953.8
11-03-2023,25,,822,197.03112,103179.4
24-02-2023,25,,18,200,2221.6
25-02-2023,25,,83,198.386749,10705.9
27-02-2023,25,,271,197.537843,34443.1
28-02-2023,25,,271,197.140651,34881.3
01-03-2023,25,,404,198.217908,51736.3
02-03-2023,25,,617,198.472001,78592.5
03-03-2023,25,,583,198.448855,73179
04-03-2023,25,,526,198.99014,66578
13-03-2023,25,,821,197.866045,105136.6
14-03-2023,25,,815,197.790523,103293.4
15-03-2023,25,,853,198.016569,109016.6
16-03-2023,25,,910,198.221217,116591.2
17-03-2023,25,,815,197.942765,102916.7
18-03-2023,25,,860,198.344115,109115.8
20-03-2023,25,,825,198.76475,104414.2
21-03-2023,25,,814,199.164257,104805.1
05-04-2023,25,,857,194.496115,112805
06-04-2023,25,,833,193.296353,106885.2
10-04-2023,25,,809,195.065721,105650.4
11-04-2023,25,,809,195.409905,106590
13-04-2023,25,,863,189.065489,111526.7
12-04-2023,25,,858,189.551154,109490.4
15-04-2023,25,,796,191.080754,104529.3
17-04-2023,25,,768,187.934699,97947.3
18-04-2023,25,,905,194.40526,118668.1
19-04-2023,25,,886,195.517345,113432.2
20-04-2023,25,,968,194.618586,122667.8
21-04-2023,25,,974,196.681575,123064.2
25-04-2023,25,,871,197.874364,113296.9
26-04-2023,25,,1002,195.484665,125964.5
28-04-2023,25,,990,196.979207,121964.2
29-04-2023,25,,995,197.82475,127802.4
27-04-2023,25,,1009,194.590463,123800.7
02-05-2023,25,,1056,195.92283,130010.4
03-05-2023,25,,1147,198.189696,143491
04-05-2023,25,,1022,195.798606,128280
06-05-2023,25,,942,194.477416,113842
08-05-2023,25,,1150,196.426422,146405.1
10-05-2023,25,,996,195.964865,120518.5
11-05-2023,25,,964,195.442767,116073.3
09-05-2023,25,,1156,196.062842,143619.3
12-05-2023,25,,1134,198.458701,141257.6
15-05-2023,25,,1093,198.069676,134504.2
16-05-2023,25,,841,197.540478,101437.7
17-05-2023,25,,832,197.207047,100164.4
18-05-2023,25,,824,198.092939,100851.8
19-05-2023,25,,918,197.768068,111750.9
20-05-2023,25,,939,198.828271,115520.7
24-05-2023,25,,833,199.037482,104326.9
26-05-2023,25,,939,199.205884,118497.6
25-05-2023,25,,751,198.282172,88966.6
30-05-2023,25,,758,198.709767,91007.7
27-05-2023,25,,897,199.350967,110234.6
29-05-2023,25,,880,199.712904,107465.8
31-05-2023,25,,887,197.056403,108941.5
01-06-2023,25,,827,197.325739,103182.7
02-06-2023,25,,767,198.720433,93946.3
05-06-2023,25,,747,202.151277,93028.9
03-06-2023,25,,778,198.637947,97212.6
06-06-2023,25,,763,205.878776,92585
07-06-2023,25,,903,209.566145,110984.5
12-06-2023,25,,890,223.190377,108226.2
10-06-2023,25,,836,227.79186,103596.4
08-06-2023,25,,755,209.479617,93032.3
09-06-2023,25,,686,214.970256,80888.7
14-06-2023,25,,673,230.918075,80285.1
13-06-2023,25,,661,220.903425,77826.9
15-06-2023,25,,924,231.402317,111298.2
16-06-2023,25,,804,233.151838,95554
17-06-2023,25,,860,231.695255,101935.5
19-06-2023,25,,898,238.59256,108646.5
21-06-2023,25,,860,237.536418,104758
22-06-2023,25,,979,240.561094,122477.5
23-06-2023,25,,838,241.105629,99475.1
24-06-2023,25,,629,238.049544,75754.5
26-06-2023,25,,726,237.626945,83163.2
27-06-2023,25,,730,234.256611,87749.5
28-06-2023,25,,826,234.37188,93397.9
30-06-2023,25,,542,225.592632,60753.2
01-07-2023,25,,652,233.876808,72765.5
03-07-2023,25,,716,231.607085,79753.9
05-07-2023,25,,341,227.452548,36358.5
04-07-2023,25,,642,230.534208,72293.7
10-07-2023,25,,920,235.671166,114317.7
11-07-2023,25,,904,232.490247,109913.8
12-07-2023,25,,790,237.583482,97578.6
13-07-2023,25,,813,238.218109,101179
14-07-2023,25,,853,236.442294,106791.6
15-07-2023,25,,913,235.818878,114074
17-07-2023,25,,1017,235.864802,127578
18-07-2023,25,,901,235.748905,113004.9
20-07-2023,25,,1068,235.50174,134917.9
21-07-2023,25,,986,241.898478,122168.3
22-07-2023,25,,904,228.785481,107224.7
24-07-2023,25,,896,238.179921,107727
25-07-2023,25,,823,238.830797,100146.2
26-07-2023,25,,995,242.160527,122305.3
27-07-2023,25,,877,253.6716,105966.8
28-07-2023,25,,918,250.887744,108246.4
31-07-2023,25,,1172,255.515008,141394.9
19-07-2023,25,,955,235.87105,117602.2
01-08-2023,25,,1315,255.185501,162043.3
22-08-2023,25,,696,252.247016,78614.1
21-08-2023,25,,963,260.871789,114492.2
07-03-2023,25,,597,198.131659,76760.9
02-08-2023,25,,1092,259.047994,134424.4
03-08-2023,25,,1119,257.650946,134429.4
04-08-2023,25,,1136,260.389872,139870.5
05-08-2023,25,,1174,255.283499,146222.9
07-08-2023,25,,1537,262.559835,186497.6
09-08-2023,25,,1178,266.041021,140361.9
10-08-2023,25,,557,264.202086,64757.9
11-08-2023,25,,1059,267.663845,125752.2
12-08-2023,25,,1729,259.679155,205634.8
14-08-2023,25,,1013,267.602104,124904
18-08-2023,25,,1067,263.759544,130969.3
19-08-2023,25,,884,266.514109,109813.1
17-08-2023,25,,853,262.043782,102045.8
16-08-2023,25,,1094,265.046218,133244.2
16-08-2023,26,,1458,257.65295,178920.3
17-08-2023,26,,615,256.642218,76356.2
19-08-2023,26,,1140,264.699885,145270.4
18-08-2023,26,,986,261.918286,122871.3
12-08-2023,26,,1481,262.845172,183314.5
11-08-2023,26,,1196,270.446162,152172.8
10-08-2023,26,,1282,265.426022,161776.6
09-08-2023,26,,813,274.049299,105919.7
08-08-2023,26,,921,263.054084,116433.8
07-08-2023,26,,834,263.630673,104181
05-08-2023,26,,781,261.104399,97181.6
04-08-2023,26,,944,253.032053,117291.2
03-08-2023,26,,902,254.57351,114111.6
02-08-2023,26,,932,257.429836,117338.9
24-08-2023,26,,1029,256.57312,123339.8
21-08-2023,26,,899,259.228644,110609.8
22-08-2023,26,,1234,263.102544,152540.2
23-08-2023,26,,952,267.794083,128362.3
01-08-2023,26,,658,257.266412,82592
19-07-2023,26,,910,235.06934,118845.7
31-07-2023,26,,751,250.859876,91688.9
28-07-2023,26,,1108,258.534082,145579.9
27-07-2023,26,,864,246.744097,115344.1
26-07-2023,26,,835,242.875415,110347
25-07-2023,26,,1011,235.704074,128049.3
24-07-2023,26,,842,239.607881,104151.9
22-07-2023,26,,762,238.06736,95834.1
21-07-2023,26,,654,238.126717,81504.9
20-07-2023,26,,699,233.201663,89811.9
18-07-2023,26,,872,239.29353,112007.7
17-07-2023,26,,883,239.36957,116266.2
15-07-2023,26,,1013,235.625692,128842.4
14-07-2023,26,,1220,240.744105,163705.3
13-07-2023,26,,915,239.09057,123899.4
08-07-2023,26,,823,232.023293,96430.7
12-07-2023,26,,726,230.052206,85128.7
11-07-2023,26,,770,232.336423,89274.4
10-07-2023,26,,740,234.527871,88711.7
04-07-2023,26,,751,234.558964,92089.9
05-07-2023,26,,901,240.819309,115244.4
06-07-2023,26,,1137,240.447966,144679.1
07-07-2023,26,,879,236.245303,109823.9
03-07-2023,26,,816,238.278126,99846.7
01-07-2023,26,,837,240.976967,107580.3
30-06-2023,26,,840,239.442101,108786.3
28-06-2023,26,,477,239.498365,61658.5
27-06-2023,26,,748,236.355227,100147
26-06-2023,26,,736,236.301876,92782.2
24-06-2023,26,,727,240.994082,89270.3
23-06-2023,26,,749,239.066623,93052.6
22-06-2023,26,,1053,240.801242,133578.6
21-06-2023,26,,864,238.817239,107003.1
19-06-2023,26,,868,238.828204,111203.8
17-06-2023,26,,645,239.870837,84764.5
16-06-2023,26,,826,239.555426,105779.7
13-06-2023,26,,677,230.858517,87327.5
14-06-2023,26,,702,236.306835,91875.8
09-06-2023,26,,708,219.851705,87378.2
08-06-2023,26,,917,209.742503,114946.2
10-06-2023,26,,518,224.983973,65735.6
12-06-2023,26,,693,229.793995,90248.4
07-06-2023,26,,802,210.532985,106220.1
06-06-2023,26,,974,207.835116,129092.3
03-06-2023,26,,727,199.717791,92498.4
05-06-2023,26,,826,202.086223,107328.2
02-06-2023,26,,777,199.017711,98051.4
01-06-2023,26,,514,200.147976,65004.3
31-05-2023,26,,539,198.229757,64459.7
29-05-2023,26,,726,195.863023,86337
27-05-2023,26,,481,198.446931,57662.5
30-05-2023,26,,545,197.383951,68183.7
26-05-2023,26,,933,199.653207,113028
24-05-2023,26,,600,198.700141,75220.2
23-05-2023,26,,633,198.901459,81537.8
20-05-2023,26,,363,199.074327,45169
22-05-2023,26,,755,199.217392,96605.2
19-05-2023,26,,700,199.180225,89614.8
18-05-2023,26,,627,198.864443,80245.4
17-05-2023,26,,861,198.077087,110976.5
16-05-2023,26,,765,199.034829,97693
13-05-2023,26,,937,198.754445,118514.5
09-05-2023,26,,1048,198.643504,141269.3
11-05-2023,26,,816,198.552766,101575.9
10-05-2023,26,,596,199.091843,79246.8
06-05-2023,26,,1202,196.855291,157365.1
04-05-2023,26,,1081,198.256285,142001.6
03-05-2023,26,,1159,197.027995,145518.7
02-05-2023,26,,1136,196.333382,142869.4
29-04-2023,26,,989,194.131365,125726.3
28-04-2023,26,,1012,196.730395,127986.2
26-04-2023,26,,939,196.599136,123386
25-04-2023,26,,998,197.906873,130198.8
21-04-2023,26,,1152,197.783026,151881.5
20-04-2023,26,,987,194.893659,129277.4
19-04-2023,26,,1043,197.650294,137583.6
18-04-2023,26,,869,197.019269,117983.9
17-04-2023,26,,1134,193.757336,156424.1
13-04-2023,26,,1199,186.993485,164399.1
11-04-2023,26,,1094,191.68125,145465.9
08-04-2023,26,,834,195.885026,112429.5
10-04-2023,26,,1130,191.438986,152148.5
06-04-2023,26,,766,195.656926,103236.9
05-04-2023,26,,885,196.63677,122353.2
21-03-2023,26,,712,199.385744,93653.3
20-03-2023,26,,536,198.840382,69447.9
18-03-2023,26,,659,198.899759,84476.6
17-03-2023,26,,682,198.953458,89319.4
16-03-2023,26,,636,199.635478,81698
15-03-2023,26,,603,199.100369,77904.5
14-03-2023,26,,650,198.895515,81441.6
13-03-2023,26,,644,198.425442,81539.5
11-03-2023,26,,299,196.910174,39002.3
10-03-2023,26,,189,198.054955,24119.4
09-03-2023,26,,27,200,3670.5
03-04-2023,26,,468,196.320475,63828.2
01-04-2023,26,,849,191.744875,114225
29-03-2023,26,,209,195.644821,28629.3
31-03-2023,26,,906,191.041111,126406
28-03-2023,26,,994,194.524592,132581.5
27-03-2023,26,,1183,198.327703,158083.4
25-03-2023,26,,865,197.710147,116632.6
24-03-2023,26,,609,198.926197,85749.1
23-03-2023,26,,741,199.376124,99947.3
23-03-2023,27,,978,198.49485,127465.2
24-03-2023,27,,871,198.304249,112222
25-03-2023,27,,1078,197.807899,141677.2
27-03-2023,27,,796,197.492317,105594.9
28-03-2023,27,,1018,195.731101,135009.7
31-03-2023,27,,790,193.012565,109662.4
29-03-2023,27,,951,195.494901,131560.3
01-04-2023,27,,722,192.862293,96673.4
03-04-2023,27,,809,190.139017,109764.8
09-03-2023,27,,27,200,3331.8
10-03-2023,27,,219,198.436338,27907
11-03-2023,27,,324,198.339188,40466.6
13-03-2023,27,,546,198.659566,74137.3
14-03-2023,27,,464,198.040738,62505.3
15-03-2023,27,,527,199.180918,66166.1
16-03-2023,27,,580,197.71464,74706.1
17-03-2023,27,,597,198.053494,76058.6
18-03-2023,27,,699,198.057971,91624
20-03-2023,27,,810,198.877003,105920.5
21-03-2023,27,,830,198.215717,109342.4
05-04-2023,27,,814,191.492832,108719.5
06-04-2023,27,,792,190.381444,107789.4
10-04-2023,27,,1004,189.540131,132143.1
08-04-2023,27,,920,192.117816,124744
11-04-2023,27,,935,191.876531,124295.4
13-04-2023,27,,989,187.481673,126791.4
17-04-2023,27,,1061,190.806745,138018.7
18-04-2023,27,,970,192.966881,125425.7
19-04-2023,27,,885,194.779467,112158.9
20-04-2023,27,,971,195.250156,124149.9
21-04-2023,27,,1082,197.068619,144070.8
25-04-2023,27,,1016,198.5236,135068.2
26-04-2023,27,,899,198.091191,116214.5
28-04-2023,27,,539,195.90983,69239.5
27-04-2023,27,,804,195.959339,102969.3
02-05-2023,27,,1074,197.39921,137292.5
03-05-2023,27,,1059,197.581141,135806.5
04-05-2023,27,,1167,197.645461,148780
06-05-2023,27,,1115,198.175848,142011.6
08-05-2023,27,,908,198.175732,115310.1
10-05-2023,27,,656,198.771834,79470.1
11-05-2023,27,,707,198.431464,88513.1
09-05-2023,27,,721,198.98124,91607.6
12-05-2023,27,,830,198.63645,104006.3
15-05-2023,27,,925,199.679939,116775.5
16-05-2023,27,,617,198.128881,78428.4
17-05-2023,27,,712,198.759231,91070.9
19-05-2023,27,,794,198.444648,101963.9
22-05-2023,27,,972,199.609458,127489.7
20-05-2023,27,,888,199.292153,115807.1
23-05-2023,27,,426,199.491428,54451.9
24-05-2023,27,,810,199.731523,101336.4
26-05-2023,27,,316,199.707425,40873
30-05-2023,27,,852,199.679201,106127.7
27-05-2023,27,,544,199.831285,69887.7
29-05-2023,27,,753,199.615401,97173.4
31-05-2023,27,,813,199.071031,101639.3
01-06-2023,27,,816,199.597855,101609.4
02-06-2023,27,,757,200.321938,94565.5
05-06-2023,27,,816,202.218384,100935.9
03-06-2023,27,,712,200.297107,88430.5
06-06-2023,27,,656,207.775052,82311.2
07-06-2023,27,,605,209.398526,74077.9
12-06-2023,27,,833,228.434847,105417.6
10-06-2023,27,,747,229.946297,96733.8
08-06-2023,27,,605,210.005101,74759.4
09-06-2023,27,,575,219.972183,72546.1
13-06-2023,27,,852,229.925306,106523.4
16-06-2023,27,,521,239.565234,62519.2
15-06-2023,27,,814,233.948016,103414.9
17-06-2023,27,,107,237.810944,13566.4
19-06-2023,27,,638,239.214974,79428.1
21-06-2023,27,,686,235.620208,83563.8
22-06-2023,27,,732,239.075483,86276.3
23-06-2023,27,,556,236.731712,65866.4
28-06-2023,27,,803,235.81427,98147.7
30-06-2023,27,,943,238.406656,117077.4
01-07-2023,27,,1096,234.267471,130410
03-07-2023,27,,143,227.754959,16960.9
07-07-2023,27,,311,237.670282,39680
10-07-2023,27,,683,239.113535,90171.5
11-07-2023,27,,771,234.987204,101298
12-07-2023,27,,862,240.423675,114632.7
08-07-2023,27,,807,234.22101,101403.8
13-07-2023,27,,708,237.477979,91943.3
14-07-2023,27,,682,237.06211,88191.1
15-07-2023,27,,736,231.146997,93032.6
17-07-2023,27,,876,235.78052,109899.5
18-07-2023,27,,1051,231.098974,132621.7
20-07-2023,27,,836,237.093504,102339.8
21-07-2023,27,,882,241.043096,112041.7
22-07-2023,27,,694,242.3254,89812.6
24-07-2023,27,,789,235.937335,98640.6
25-07-2023,27,,525,230.852343,65062.7
26-07-2023,27,,743,238.779826,94044.2
27-07-2023,27,,869,236.682412,110671.6
28-07-2023,27,,1088,254.299519,137641.1
31-07-2023,27,,788,248.958822,94341.7
19-07-2023,27,,821,237.85135,101658
01-08-2023,27,,865,258.278341,106762.5
21-08-2023,27,,1159,260.146282,141897.6
02-08-2023,27,,934,254.292578,115524.3
03-08-2023,27,,987,255.83138,123254.4
04-08-2023,27,,790,258.715239,99826.7
05-08-2023,27,,524,251.463998,64190.1
07-08-2023,27,,913,259.923704,110747.3
08-08-2023,27,,1098,259.175663,132414.9
10-08-2023,27,,1038,265.107318,127138.5
11-08-2023,27,,911,272.446815,119851.5
12-08-2023,27,,1586,258.945737,190014.1
18-08-2023,27,,1308,262.035103,163415.6
19-08-2023,27,,780,261.525013,96800.9
17-08-2023,27,,594,257.593092,71801.1
16-08-2023,27,,1277,251.581878,150147.9
02-08-2023,28,,152,246.696079,17345.3
01-08-2023,28,,872,257.915554,104710
19-07-2023,28,,865,230.443039,102500.9
31-07-2023,28,,1093,255.754003,129845.3
28-07-2023,28,,406,241.424361,46908.4
27-07-2023,28,,424,242.660856,49036.8
26-07-2023,28,,502,241.912905,62765.5
25-07-2023,28,,456,240.960657,56373.9
24-07-2023,28,,856,229.679057,96577.9
22-07-2023,28,,509,237.612761,61039.2
21-07-2023,28,,697,235.737968,86662.5
20-07-2023,28,,597,236.211304,73823.7
18-07-2023,28,,662,221.946277,75028.5
17-07-2023,28,,429,235.20168,52630.8
15-07-2023,28,,527,233.642652,67274.6
14-07-2023,28,,425,235.966109,53427.6
08-07-2023,28,,200,229.600423,23596
12-07-2023,28,,342,230.942424,41872
11-07-2023,28,,458,237.809673,56330.6
10-07-2023,28,,509,231.104189,59841.2
07-07-2023,28,,155,226.41365,17957.2
31-05-2023,28,,504,198.741458,59414.1
29-05-2023,28,,656,199.530213,74941.5
27-05-2023,28,,530,199.522985,62281.3
30-05-2023,28,,645,199.118342,74258.3
26-05-2023,28,,453,199.498255,54894.5
23-05-2023,28,,485,198.805923,54964.3
20-05-2023,28,,375,199.747026,44502.7
22-05-2023,28,,354,199.719315,41862.7
19-05-2023,28,,355,199.146292,41025.9
18-05-2023,28,,685,199.499115,81611.2
17-05-2023,28,,598,199.770639,72655.9
16-05-2023,28,,684,198.114044,77543.6
13-05-2023,28,,694,199.18857,81627.5
12-05-2023,28,,520,198.183734,61735.2
09-05-2023,28,,827,196.117974,101680.8
11-05-2023,28,,758,196.981482,89279.4
10-05-2023,28,,850,195.994003,101418.8
08-05-2023,28,,702,194.3681,79267.4
06-05-2023,28,,353,197.143809,41721.8
04-05-2023,28,,348,197.996602,41974.6
03-05-2023,28,,718,196.497235,86384.2
02-05-2023,28,,669,196.931892,79657.5
27-04-2023,28,,625,195.624241,72864.3
29-04-2023,28,,689,195.430008,82556.2
28-04-2023,28,,697,195.621677,85102.5
26-04-2023,28,,663,195.873672,79340.7
25-04-2023,28,,741,194.852311,89002.7
24-04-2023,28,,573,195.483594,69866.8
20-04-2023,28,,574,193.505057,68554.2
19-04-2023,28,,556,190.912338,68897.6
18-04-2023,28,,557,187.073202,65816.1
17-04-2023,28,,656,184.657061,79641.6
13-04-2023,28,,786,187.636531,93602.8
15-04-2023,28,,903,182.915569,111313.2
12-04-2023,28,,613,188.086853,76231.6
11-04-2023,28,,699,188.828333,89122.2
10-04-2023,28,,522,186.312436,66264.4
06-04-2023,28,,507,188.726317,66252.4
05-04-2023,28,,483,189.053065,63557.7
21-03-2023,28,,782,196.378106,100509.5
20-03-2023,28,,584,197.054726,78300.9
18-03-2023,28,,695,197.894442,92039.7
17-03-2023,28,,586,197.390991,75046.4
16-03-2023,28,,352,197.311372,45689.9
15-03-2023,28,,364,198.54074,46529.3
14-03-2023,28,,327,198.07407,39906.7
13-03-2023,28,,249,198.550473,33818.7
11-03-2023,28,,334,197.793275,44718.5
10-03-2023,28,,303,198.186398,38753.5
09-03-2023,28,,45,200,5914.1
03-04-2023,28,,600,190.663197,78442.8
01-04-2023,28,,639,189.153476,83728.1
29-03-2023,28,,474,197.241532,62669.3
31-03-2023,28,,662,189.300408,87568.1
28-03-2023,28,,656,194.978077,87762
27-03-2023,28,,759,195.158366,101778.4
25-03-2023,28,,625,198.922018,81559.3
24-03-2023,28,,555,196.524353,74365.9
23-03-2023,28,,721,197.434839,94665.7
23-03-2023,29,,533,198.72878,71911
24-03-2023,29,,804,199.460055,110409.3
25-03-2023,29,,820,198.877749,111513.6
27-03-2023,29,,899,197.574057,121543.7
28-03-2023,29,,849,195.726352,114131.4
31-03-2023,29,,908,195.021831,121623.8
01-04-2023,29,,725,194.699482,99757.1
03-04-2023,29,,582,196.163844,79671.9
09-03-2023,29,,18,200,2569.5
10-03-2023,29,,742,199.105057,99261.3
11-03-2023,29,,1245,197.976927,164914.9
13-03-2023,29,,355,195.67302,48263.2
14-03-2023,29,,268,198.064864,35942.4
15-03-2023,29,,585,199.044614,78731.4
16-03-2023,29,,754,197.435441,98995.1
17-03-2023,29,,573,198.044005,76622.5
18-03-2023,29,,614,198.052182,82055.9
20-03-2023,29,,705,199.396353,93788.1
21-03-2023,29,,637,196.785231,84658.9
05-04-2023,29,,757,196.86601,104615
06-04-2023,29,,693,195.791509,94869.6
10-04-2023,29,,848,196.372949,115771.3
11-04-2023,29,,863,192.584728,115411.5
12-04-2023,29,,1020,195.159501,135304.8
15-04-2023,29,,750,191.969123,99296.2
13-04-2023,29,,769,191.698699,100508.2
17-04-2023,29,,889,192.436593,117445.2
18-04-2023,29,,824,190.969741,103893.2
19-04-2023,29,,913,195.743995,118283.5
20-04-2023,29,,1087,194.251009,137620.8
24-04-2023,29,,1231,195.715328,151676.4
25-04-2023,29,,862,198.047017,112314.5
26-04-2023,29,,835,197.684171,108377.4
28-04-2023,29,,793,195.19707,96861.6
29-04-2023,29,,840,196.598792,106083.7
27-04-2023,29,,875,196.036915,112411.1
02-05-2023,29,,975,193.578057,120477.8
03-05-2023,29,,974,195.620259,117699.7
04-05-2023,29,,919,197.150668,115998.5
06-05-2023,29,,834,197.285107,106906.6
08-05-2023,29,,847,196.387197,108477.3
10-05-2023,29,,923,197.059701,113882
11-05-2023,29,,1005,197.391887,126163.6
09-05-2023,29,,582,196.884571,71232.7
12-05-2023,29,,806,198.50901,98941.1
15-05-2023,29,,822,199.185432,101402.5
16-05-2023,29,,811,199.671491,102204.6
17-05-2023,29,,798,199.758174,98877
19-05-2023,29,,716,199.336586,84319.9
22-05-2023,29,,859,199.548401,107932.8
20-05-2023,29,,698,199.641283,86464.2
23-05-2023,29,,825,199.288036,98507.9
26-05-2023,29,,844,199.746947,105733.7
25-05-2023,29,,850,199.594238,105518.7
30-05-2023,29,,602,199.731514,76070
27-05-2023,29,,474,199.901204,58417.9
29-05-2023,29,,596,199.788107,72957.7
31-05-2023,29,,395,199.606048,47070.3
07-07-2023,29,,461,234.439954,59573.2
10-07-2023,29,,658,237.654828,86158.4
11-07-2023,29,,644,229.681512,80012.5
08-06-2023,29,,397,207.439442,47041.2
07-06-2023,29,,707,207.864022,84596.1
06-06-2023,29,,792,206.830905,98903
05-06-2023,29,,651,203.383755,80415.8
12-07-2023,29,,739,237.545876,98297.7
08-07-2023,29,,594,232.190568,75216
13-07-2023,29,,765,236.398846,102403.8
14-07-2023,29,,845,238.299457,111299.5
15-07-2023,29,,751,231.567859,97637.6
17-07-2023,29,,655,233.198428,80956.7
18-07-2023,29,,771,230.575618,97971.9
20-07-2023,29,,956,236.714655,125289.3
21-07-2023,29,,761,238.735771,98986.4
22-07-2023,29,,1040,239.363957,132218.2
24-07-2023,29,,1170,231.927513,143568
25-07-2023,29,,755,232.687523,92197
26-07-2023,29,,914,241.292199,113831.3
27-07-2023,29,,550,253.246908,70728.5
28-07-2023,29,,455,249.364406,56141.2
31-07-2023,29,,708,257.525452,88888.4
19-07-2023,29,,907,234.928559,115058.5
01-08-2023,29,,982,248.438601,119205.9
02-08-2023,29,,1277,257.734326,158032
03-08-2023,29,,321,247.547481,37438.5
03-08-2023,30,,858,280.464551,109146.8
04-08-2023,30,,1084,280.238164,135699
02-08-2023,30,,971,278.822651,121063.6
08-08-2023,30,,1181,281.191614,147716.5
09-08-2023,30,,1333,282.309925,167538.4
07-08-2023,30,,1089,282.182117,133870.2
05-08-2023,30,,1408,282.14346,179719.6
16-08-2023,30,,1334,283.63162,169976.5
17-08-2023,30,,1167,283.212682,147291.7
19-08-2023,30,,1143,283.557265,139533.7
18-08-2023,30,,1101,283.406975,136442.8
12-08-2023,30,,1103,283.564311,138981.8
14-08-2023,30,,1286,282.820733,161046.5
11-08-2023,30,,1264,283.74777,163247.9
10-08-2023,30,,1347,283.227166,168165.2
21-08-2023,30,,1178,283.252449,150526
23-08-2023,30,,1861,280.37524,224363.6
22-08-2023,30,,1138,283.42301,141390.4
01-08-2023,30,,949,279.1143,118836.1
19-07-2023,30,,831,278.786194,106495.1
31-07-2023,30,,638,279.419565,81313.8
28-07-2023,30,,814,280.733998,101558.9
27-07-2023,30,,873,280.711313,111925
26-07-2023,30,,705,277.610249,90058.3
25-07-2023,30,,721,280.256693,92125
24-07-2023,30,,916,278.598901,113927
22-07-2023,30,,1003,277.893149,126277.8
21-07-2023,30,,688,279.265508,88447.2
20-07-2023,30,,853,278.521905,104706.8
18-07-2023,30,,1072,277.365889,136298.2
17-07-2023,30,,790,278.068751,101114.9
15-07-2023,30,,570,277.290958,72310.6
14-07-2023,30,,680,277.920883,86120.9
13-07-2023,30,,1131,278.176246,144181.2
08-07-2023,30,,1159,276.049746,144835.1
12-07-2023,30,,1295,276.991632,159033.3
05-06-2023,30,,645,208.402074,70463.8
03-06-2023,30,,373,202.617579,40166.8
06-06-2023,30,,340,208.579782,38161.7
07-06-2023,30,,317,212.660369,35633.4
08-06-2023,30,,400,215.838683,43624.1
09-06-2023,30,,176,219.635043,19520.4
10-06-2023,30,,25,218.632686,3127.3
12-06-2023,30,,276,225.281674,32726.8
22-06-2023,30,,1264,264.456722,158258.1
21-06-2023,30,,1278,263.324646,157728.1
19-06-2023,30,,1067,258.662305,128935.2
17-06-2023,30,,1142,252.944067,139450.8
15-06-2023,30,,455,243.887937,53394.4
16-06-2023,30,,1189,254.778799,144050.5
13-06-2023,30,,567,227.100685,65556.8
14-06-2023,30,,529,235.011926,61291.5
11-07-2023,30,,1350,278.13692,171701.5
10-07-2023,30,,1165,275.605051,146440.9
07-07-2023,30,,947,277.845857,119490.3
06-07-2023,30,,1318,275.825361,166246.6
05-07-2023,30,,1226,277.391048,156968.6
04-07-2023,30,,1374,277.677977,169117.3
03-07-2023,30,,1244,277.452657,155564
01-07-2023,30,,1380,276.880622,174533.3
30-06-2023,30,,964,276.248192,119677.1
28-06-2023,30,,1035,276.227675,129364.6
23-06-2023,30,,1318,273.03001,164135.3
24-06-2023,30,,1519,283.607627,184446.5
26-06-2023,30,,1291,277.214285,162784.5
27-06-2023,30,,1301,272.903962,162840.5
31-05-2023,30,,486,205.558858,52115
02-06-2023,30,,412,200.92843,46489
01-06-2023,30,,550,206.132048,58686.6
30-05-2023,30,,622,204.741298,68158.4
23-05-2023,30,,671,203.768997,72627.4
24-05-2023,30,,935,205.246667,102719.7
20-05-2023,30,,650,206.936002,69113.9
22-05-2023,30,,834,201.02744,90229.1
19-05-2023,30,,755,206.447227,82863.8
18-05-2023,30,,726,205.185559,77953.3
17-05-2023,30,,1070,204.764505,115905.7
16-05-2023,30,,844,202.95498,91771.4
15-05-2023,30,,942,199.000669,99860.2
13-05-2023,30,,933,203.517678,97140.6
12-05-2023,30,,1021,202.853873,113402.4
09-05-2023,30,,994,199.490538,108101.6
11-05-2023,30,,922,200.679299,99425.5
10-05-2023,30,,1071,198.054911,115315.6
08-05-2023,30,,1046,195.837533,112910.5
06-05-2023,30,,937,198.202585,93142.6
04-05-2023,30,,1371,197.840444,146434.1
03-05-2023,30,,1231,198.531301,130976.4
02-05-2023,30,,1307,194.552063,140750.3
27-04-2023,30,,943,196.047577,99207.1
29-04-2023,30,,1111,191.348761,118131.3
28-04-2023,30,,1265,194.695073,138143.6
26-04-2023,30,,392,202.085169,46045.7
25-04-2023,30,,1313,201.106477,146580
24-04-2023,30,,1281,200.437358,148676.9
21-04-2023,30,,874,195.326032,100862.4
20-04-2023,30,,789,194.130063,91848.8
19-04-2023,30,,954,192.692678,112847.4
18-04-2023,30,,931,192.046882,108854.4
17-04-2023,30,,1145,195.868918,135722.9
13-04-2023,30,,621,192.567803,74298.3
15-04-2023,30,,615,191.829341,73681.2
12-04-2023,30,,810,194.216321,97603.9
11-04-2023,30,,888,192.641099,106471.5
08-04-2023,30,,726,193.619686,87292.9
10-04-2023,30,,804,193.189426,95848.1
06-04-2023,30,,801,192.20566,95895.3
05-04-2023,30,,840,196.134834,101612.9
03-04-2023,30,,572,195.914873,68551.2
01-04-2023,30,,898,195.916629,110985.7
29-03-2023,30,,623,195.524701,74571.7
31-03-2023,30,,984,193.539861,121175.1
28-03-2023,30,,891,197.692731,111241.6
27-03-2023,30,,439,199.557378,54697.1
25-03-2023,30,,508,201.038247,64009.9
24-03-2023,30,,476,203.614887,61776.8
23-03-2023,30,,36,210,4791.2
23-03-2023,31,,600,192.825888,78760.8
24-03-2023,31,,994,192.228465,131175.4
25-03-2023,31,,559,188.043352,74507.5
27-03-2023,31,,995,190.724251,133920.7
28-03-2023,31,,807,190.075713,105875.7
31-03-2023,31,,790,187.605614,103992.4
29-03-2023,31,,867,190.394409,114369.9
03-04-2023,31,,681,188.18991,89667.9
21-03-2023,31,,527,191.257009,69609.5
20-03-2023,31,,608,192.880061,78186.1
18-03-2023,31,,409,193.93879,52838.4
17-03-2023,31,,792,193.428049,102115
16-03-2023,31,,620,197.117482,82285.2
15-03-2023,31,,806,195.573504,106687.5
14-03-2023,31,,827,195.985017,107246.4
13-03-2023,31,,698,195.035822,90636.8
11-03-2023,31,,398,194.957518,51944.4
10-03-2023,31,,509,194.295992,65155
09-03-2023,31,,708,193.663966,90119.5
08-03-2023,31,,913,196.686571,118137.6
06-03-2023,31,,506,195.460267,65802.1
04-03-2023,31,,349,195.87012,45235.8
03-03-2023,31,,330,196.94855,43722.3
02-03-2023,31,,224,196.494119,29402.2
01-03-2023,31,,302,197.514577,40033.6
28-02-2023,31,,190,196.380618,24595
27-02-2023,31,,204,197.490482,26577.9
25-02-2023,31,,370,198.848982,48214.9
24-02-2023,31,,18,200,2523.5
05-04-2023,31,,898,181.323751,116075.9
06-04-2023,31,,972,183.702611,123796.6
10-04-2023,31,,760,187.760191,95021.6
08-04-2023,31,,909,184.266915,118711.1
11-04-2023,31,,747,189.392891,94413.6
12-04-2023,31,,846,183.727373,105441.5
15-04-2023,31,,953,177.710371,120317.4
13-04-2023,31,,1040,180.255838,130087
17-04-2023,31,,849,178.32909,106462.1
18-04-2023,31,,1008,182.224603,125895.8
19-04-2023,31,,1043,185.007576,125914.2
20-04-2023,31,,1055,187.20122,129429
24-04-2023,31,,801,192.407839,96972.2
25-04-2023,31,,826,193.283425,103502.2
26-04-2023,31,,992,192.796362,116851.2
28-04-2023,31,,976,195.057862,118610.3
29-04-2023,31,,905,193.799636,112171.8
27-04-2023,31,,1069,193.566504,128929.6
02-05-2023,31,,1123,192.830071,137466.3
03-05-2023,31,,1114,191.81284,132446.5
04-05-2023,31,,1128,195.185545,137038
06-05-2023,31,,673,197.092689,80065.5
08-05-2023,31,,927,196.481283,115654.1
10-05-2023,31,,494,194.325307,57546.4
11-05-2023,31,,587,195.733254,71393.2
09-05-2023,31,,1041,195.543681,121125.8
12-05-2023,31,,975,195.95686,115582.2
13-05-2023,31,,959,197.733596,117234.9
15-05-2023,31,,862,198.162122,104182
16-05-2023,31,,363,196.886218,42681.8
17-05-2023,31,,556,197.966841,63816.8
18-05-2023,31,,807,197.759253,92395.6
19-05-2023,31,,879,199.339683,103810.4
22-05-2023,31,,547,198.991834,62117.9
20-05-2023,31,,809,199.337596,101381.5
24-05-2023,31,,615,199.546926,73384.3
23-05-2023,31,,553,199.613664,63750.8
25-05-2023,31,,649,196.668716,70721.9
26-05-2023,31,,774,196.281116,88569.1
30-05-2023,31,,956,197.586279,114302.1
29-05-2023,31,,930,198.582934,110950.9
01-06-2023,31,,995,196.597907,115932.9
02-06-2023,31,,660,199.290279,82141.8
31-05-2023,31,,824,195.620922,92185.7
07-07-2023,31,,773,210.633644,92618.5
10-07-2023,31,,970,220.329036,116190.2
11-07-2023,31,,767,216.241264,87390.8
14-06-2023,31,,841,219.836216,97221.9
13-06-2023,31,,292,210.35724,33913
16-06-2023,31,,1008,226.632506,119225.9
15-06-2023,31,,857,223.205838,100390.3
17-06-2023,31,,852,234.445221,101323.8
19-06-2023,31,,568,233.386296,64030.8
21-06-2023,31,,969,231.263116,113982.1
22-06-2023,31,,863,233.296696,103500
12-06-2023,31,,1090,216.89038,123370.1
10-06-2023,31,,712,207.945255,79972.9
09-06-2023,31,,821,209.376124,96581.3
08-06-2023,31,,392,204.4626,46331.6
07-06-2023,31,,842,201.530949,95239.7
06-06-2023,31,,891,200.933643,101039.9
12-07-2023,31,,780,220.091237,94631.7
08-07-2023,31,,771,210.725937,85439
13-07-2023,31,,901,233.57798,111226.3
14-07-2023,31,,1023,226.577748,124925.5
15-07-2023,31,,802,224.783352,96478.4
17-07-2023,31,,835,223.17516,98025.8
18-07-2023,31,,1079,222.90067,127682.7
20-07-2023,31,,981,228.039955,114644.9
21-07-2023,31,,713,233.180842,81933.2
22-07-2023,31,,725,220.054477,84023.7
24-07-2023,31,,962,231.873191,113701.1
25-07-2023,31,,705,217.52555,78120.9
26-07-2023,31,,618,228.877265,73097.1
27-07-2023,31,,994,226.410676,110288.4
28-07-2023,31,,1212,227.083743,137390.2
31-07-2023,31,,1088,249.505487,129985.3
19-07-2023,31,,878,215.856414,101152.4
01-08-2023,31,,1268,250.504827,151016
21-08-2023,31,,262,263.370137,32507.9
07-03-2023,31,,509,196.669771,66707.8
10-08-2023,31,,781,261.630319,94262.1
11-08-2023,31,,613,257.492136,71369.4
14-08-2023,31,,1381,264.802255,172447.8
12-08-2023,31,,1197,265.298972,152247
18-08-2023,31,,948,261.25633,118658.2
19-08-2023,31,,1438,265.483386,178488.5
17-08-2023,31,,1224,264.441123,155961.7
16-08-2023,31,,1550,266.249862,198278.7
05-08-2023,31,,903,253.629077,111697.4
07-08-2023,31,,1303,260.498462,165139.7
09-08-2023,31,,558,269.331255,70023.6
08-08-2023,31,,993,263.063312,125685.4
02-08-2023,31,,818,249.815555,99361.2
04-08-2023,31,,226,266.883395,28757
03-08-2023,31,,1376,251.480998,167480.3
03-08-2023,32,,712,275.268372,83900.9
04-08-2023,32,,952,279.449837,118929.5
02-08-2023,32,,843,277.724827,105928.9
08-08-2023,32,,571,278.497481,68576.8
09-08-2023,32,,926,280.682812,114420.2
07-08-2023,32,,689,280.49271,83902.6
05-08-2023,32,,635,277.371345,77551.5
16-08-2023,32,,1255,280.637614,149242.9
17-08-2023,32,,1236,282.00086,153260.8
19-08-2023,32,,821,282.669387,101467.2
18-08-2023,32,,1053,282.806693,133286.7
12-08-2023,32,,573,280.264596,68776.7
14-08-2023,32,,841,282.149649,104311.2
11-08-2023,32,,662,281.664934,81527.1
10-08-2023,32,,791,279.193035,93802.4
24-08-2023,32,,1089,282.642072,140469.4
25-08-2023,32,,659,280.88296,81137.4
26-08-2023,32,,1862,273.267042,212170.1
28-08-2023,32,,2337,277.336162,276694.4
30-08-2023,32,,162,281.597715,21044.3
21-08-2023,32,,1329,279.391945,158568.6
22-08-2023,32,,1229,280.861506,152248.7
23-08-2023,32,,1044,282.428905,132064.4
01-08-2023,32,,764,278.79098,93614.1
31-07-2023,32,,1163,279.684674,144063.3
28-07-2023,32,,810,276.014789,98021
27-07-2023,32,,718,278.396332,89568.8
26-07-2023,32,,747,277.726519,91556.4
25-07-2023,32,,1113,279.453896,140077.6
24-07-2023,32,,1057,277.158935,128435.7
22-07-2023,32,,1048,276.908439,132841.2
21-07-2023,32,,848,276.609007,106031.1
20-07-2023,32,,1015,278.639143,127892.5
18-07-2023,32,,1551,275.911048,189894.1
17-07-2023,32,,667,276.400241,84295.8
15-07-2023,32,,1120,273.324414,138115.3
14-07-2023,32,,799,276.713558,100871.7
13-07-2023,32,,1061,275.452163,130545.8
08-07-2023,32,,1139,274.181373,138845
12-07-2023,32,,1223,276.938988,153853
06-06-2023,32,,678,206.34832,73600.6
07-06-2023,32,,375,213.448396,41374.5
03-06-2023,32,,428,204.930951,46315.3
05-06-2023,32,,628,207.757012,70618
08-06-2023,32,,295,214.370092,31199.2
09-06-2023,32,,316,222.989353,35390.3
10-06-2023,32,,112,221.972469,11674.3
12-06-2023,32,,527,221.540447,57245.3
22-06-2023,32,,1080,264.594311,135251.4
21-06-2023,32,,1012,261.328374,122942.1
19-06-2023,32,,1600,260.249902,196816.2
17-06-2023,32,,1262,251.355274,151987.7
15-06-2023,32,,717,245.927018,86704.1
16-06-2023,32,,940,249.597125,110849.3
13-06-2023,32,,363,225.949549,41765.4
14-06-2023,32,,410,232.004448,46917.2
11-07-2023,32,,1000,275.699957,124266.8
10-07-2023,32,,1183,274.397955,147288.7
07-07-2023,32,,1124,277.316363,142040.2
06-07-2023,32,,1035,275.041861,129010
04-07-2023,32,,1317,273.816989,160096.4
05-07-2023,32,,1145,276.676948,144404.1
27-06-2023,32,,1236,275.727472,154093.4
26-06-2023,32,,1093,274.622348,134059.9
24-06-2023,32,,1261,282.467136,157383.3
23-06-2023,32,,727,268.706897,87295.3
28-06-2023,32,,1177,274.091658,142987.1
30-06-2023,32,,1290,273.666314,160457.5
01-07-2023,32,,1025,273.48873,127143.1
03-07-2023,32,,1156,276.728709,147746.7
31-05-2023,32,,397,201.201999,41306.1
02-06-2023,32,,486,204.221758,50391.4
01-06-2023,32,,546,203.101184,60276
30-05-2023,32,,618,206.134847,69616.3
23-05-2023,32,,681,206.250136,75610.8
24-05-2023,32,,819,204.710137,87602.9
20-05-2023,32,,717,204.350544,74265.8
22-05-2023,32,,703,203.592108,74756.8
19-05-2023,32,,593,205.268632,62876.6
18-05-2023,32,,697,204.747957,70962.6
17-05-2023,32,,709,205.559781,76352.7
16-05-2023,32,,864,200.078542,90892.2
15-05-2023,32,,767,203.674457,83787.6
13-05-2023,32,,912,200.905473,96982.9
12-05-2023,32,,872,203.027314,91895.5
09-05-2023,32,,1146,202.397,124083
11-05-2023,32,,711,202.609991,77697.8
10-05-2023,32,,760,201.041567,78319.1
08-05-2023,32,,1225,198.682697,129719.6
06-05-2023,32,,932,201.577627,102408.1
04-05-2023,32,,1342,195.975057,141174
03-05-2023,32,,1067,202.664663,114245.2
02-05-2023,32,,843,202.524975,92364.7
27-04-2023,32,,1103,200.636343,122014.4
29-04-2023,32,,732,198.236851,75292.8
28-04-2023,32,,935,201.597995,103722.3
26-04-2023,32,,693,202.059654,80734.8
25-04-2023,32,,941,201.651541,109692.7
24-04-2023,32,,909,201.618428,105295.2
21-04-2023,32,,562,197.893044,66831.4
20-04-2023,32,,436,196.192911,48780.3
19-04-2023,32,,676,195.451826,80712.9
18-04-2023,32,,704,196.465617,85156
17-04-2023,32,,458,195.686603,57340.7
13-04-2023,32,,611,197.045127,74156
15-04-2023,32,,567,196.320998,68545.2
12-04-2023,32,,383,193.98085,47530.1
11-04-2023,32,,343,196.048566,41843.8
08-04-2023,32,,319,198.257099,39772.2
10-04-2023,32,,442,192.93827,54858.7
06-04-2023,32,,489,195.657935,61315.1
05-04-2023,32,,967,196.47189,121772.9
03-04-2023,32,,367,198.015581,44821.4
29-03-2023,32,,258,194.307708,32137.9
01-04-2023,32,,706,195.716804,85109.3
31-03-2023,32,,1006,197.928085,125180.4
28-03-2023,32,,649,198.173836,83835.9
27-03-2023,32,,383,196.053378,48813.4
25-03-2023,32,,228,203.396313,29129.5
24-03-2023,32,,383,206.12256,50126.1
23-03-2023,32,,99,210,13452.1
23-03-2023,33,,27,210,3785.9
24-03-2023,33,,147,207.106384,19674
25-03-2023,33,,137,203.929927,17904.3
27-03-2023,33,,249,197.363263,32094.9
28-03-2023,33,,510,198.204704,65602
31-03-2023,33,,543,202.229841,69541.1
01-04-2023,33,,323,199.34087,40614.5
29-03-2023,33,,533,195.19412,67137.8
03-04-2023,33,,444,200.152266,56519.3
05-04-2023,33,,540,196.290403,68344.8
06-04-2023,33,,403,201.08516,52207.6
10-04-2023,33,,552,198.388597,70628.9
08-04-2023,33,,589,196.631237,74274.3
11-04-2023,33,,442,198.216356,56036.1
12-04-2023,33,,650,197.734628,81341.2
15-04-2023,33,,751,193.939516,92645.3
13-04-2023,33,,579,195.821963,71427.5
17-04-2023,33,,924,194.413074,110067.1
18-04-2023,33,,762,195.449281,92399.3
19-04-2023,33,,627,194.791105,72874.6
20-04-2023,33,,872,198.037888,101580
21-04-2023,33,,923,196.539909,106160.6
24-04-2023,33,,1104,195.784061,126904
25-04-2023,33,,1388,199.381423,153460.9
26-04-2023,33,,864,200.226667,97458.2
28-04-2023,33,,835,202.168616,91513
29-04-2023,33,,722,200.961983,76336.2
27-04-2023,33,,1003,197.819653,109810
02-05-2023,33,,507,199.003681,57504.2
03-05-2023,33,,1052,197.618384,111415.1
04-05-2023,33,,1048,202.283858,113567.3
06-05-2023,33,,805,200.938372,86188.1
08-05-2023,33,,770,203.257836,84107.6
10-05-2023,33,,1007,203.754127,111780.5
11-05-2023,33,,903,199.727045,98774.1
09-05-2023,33,,891,202.893453,96466.9
12-05-2023,33,,968,205.075832,107490.7
13-05-2023,33,,501,202.464393,52039.3
15-05-2023,33,,574,203.953122,63319.7
16-05-2023,33,,467,204.950323,51881.8
17-05-2023,33,,892,204.716772,97227.4
18-05-2023,33,,515,202.567293,55488.7
19-05-2023,33,,1026,205.985368,112539.1
22-05-2023,33,,528,206.250684,59556.2
20-05-2023,33,,428,206.980454,48077.3
24-05-2023,33,,508,205.868526,56833.4
23-05-2023,33,,553,205.592231,58343.4
30-05-2023,33,,204,204.340996,22959.5
01-06-2023,33,,339,202.746423,36706.5
02-06-2023,33,,277,205.259195,31169.5
31-05-2023,33,,459,204.726083,50180.7
03-07-2023,33,,1139,277.577457,145580.3
01-07-2023,33,,1165,275.113166,144787
30-06-2023,33,,1214,275.157471,155370.5
28-06-2023,33,,1055,277.747072,132428.2
23-06-2023,33,,1260,271.443879,158028.6
24-06-2023,33,,965,279.659507,119151.1
26-06-2023,33,,1044,278.489254,135554.1
27-06-2023,33,,1309,278.137093,165487.3
05-07-2023,33,,1218,277.969337,155988.2
04-07-2023,33,,1232,278.951498,161333.3
06-07-2023,33,,1172,278.677033,150672.5
07-07-2023,33,,1133,276.899315,145287.1
10-07-2023,33,,948,276.552944,120631.4
11-07-2023,33,,1141,278.056735,149420.9
14-06-2023,33,,291,236.946454,34682.4
13-06-2023,33,,213,227.051848,24428.9
16-06-2023,33,,1025,254.897542,128054.1
15-06-2023,33,,607,244.04865,75719.5
17-06-2023,33,,1050,253.214448,131828.3
19-06-2023,33,,1065,258.48374,133051
21-06-2023,33,,1230,263.172422,155404.5
22-06-2023,33,,1343,260.437799,164381.8
12-06-2023,33,,385,228.147146,47496.3
10-06-2023,33,,90,221.074606,10084.9
09-06-2023,33,,148,217.566376,15623
08-06-2023,33,,335,213.739218,38224
05-06-2023,33,,239,208.821391,26949.5
03-06-2023,33,,162,205.193916,18455.4
07-06-2023,33,,208,212.533561,23832.5
06-06-2023,33,,71,201.734701,7559.8
12-07-2023,33,,1138,277.835242,146677.2
08-07-2023,33,,1155,275.407393,144059.1
13-07-2023,33,,893,279.172239,114895.6
14-07-2023,33,,538,275.56169,70059.7
15-07-2023,33,,634,277.546177,80587
17-07-2023,33,,806,276.748239,101798.1
18-07-2023,33,,664,274.669555,81318.3
20-07-2023,33,,852,279.726436,111599.2
21-07-2023,33,,575,278.706707,73308.3
22-07-2023,33,,530,280.248059,67929.3
24-07-2023,33,,641,279.173625,82001.2
25-07-2023,33,,670,280.721012,84957.7
26-07-2023,33,,385,279.819077,47277.2
27-07-2023,33,,522,280.843892,67577.3
28-07-2023,33,,644,279.622968,81437.6
31-07-2023,33,,804,280.610605,103112.6
01-08-2023,33,,882,280.438216,114505.4
19-07-2023,33,,626,278.567578,80827.7
10-08-2023,33,,1349,282.491245,171815.2
11-08-2023,33,,1209,282.791119,153983.6
14-08-2023,33,,1238,282.406991,158726.7
12-08-2023,33,,964,282.829595,122253.5
18-08-2023,33,,1258,282.625957,161337.4
19-08-2023,33,,1165,276.920622,143535
17-08-2023,33,,1424,282.440706,173284.9
16-08-2023,33,,1309,283.316662,162680.6
05-08-2023,33,,998,282.481282,128400.6
07-08-2023,33,,1078,281.60205,135972
09-08-2023,33,,1172,281.814653,147086.1
08-08-2023,33,,915,282.44569,118319.9
02-08-2023,33,,1131,279.282393,142535.9
04-08-2023,33,,970,280.968937,125277.8
03-08-2023,33,,688,280.338552,85766.8
03-08-2023,35,,121,231.808763,15364.2
02-08-2023,35,,1113,254.413163,140241.7
19-07-2023,35,,816,231.019861,102255.7
31-07-2023,35,,1075,255.623139,134423.2
28-07-2023,35,,521,233.044444,63854.6
27-07-2023,35,,487,232.51808,61003.7
26-07-2023,35,,855,235.793559,105213.1
25-07-2023,35,,1117,231.060436,136341.4
24-07-2023,35,,930,237.428434,118855
22-07-2023,35,,852,236.371291,109394.1
21-07-2023,35,,574,230.608113,68232.2
20-07-2023,35,,740,237.578876,94432.3
18-07-2023,35,,622,233.921829,80784.8
17-07-2023,35,,762,233.127085,97573.9
15-07-2023,35,,729,226.200391,94643.1
14-07-2023,35,,758,226.966998,96569.4
13-07-2023,35,,876,236.660999,113454.7
08-07-2023,35,,649,225.02447,81808
12-07-2023,35,,739,232.868883,96600
06-06-2023,35,,376,205.567126,46003
07-06-2023,35,,524,207.642402,62466.9
08-06-2023,35,,125,210.534813,15130.5
09-06-2023,35,,247,212.797589,30013.8
11-07-2023,35,,470,228.478771,56538.3
10-07-2023,35,,658,238.446556,85484.1
07-07-2023,35,,393,235.006967,51212
31-05-2023,35,,551,198.435191,67825.6
02-06-2023,35,,474,199.059026,58104.4
01-06-2023,35,,752,199.264961,94344.4
30-05-2023,35,,568,197.682548,71217.1
29-05-2023,35,,592,199.250365,71386
27-05-2023,35,,565,199.69603,70161.1
23-05-2023,35,,292,199.50997,37833.2
24-05-2023,35,,386,199.425871,49475.7
26-05-2023,35,,706,199.863877,91280.1
25-05-2023,35,,391,199.381967,47342.5
20-05-2023,35,,503,199.453621,64162.1
22-05-2023,35,,305,199.253648,39484.9
19-05-2023,35,,436,199.276955,57177.5
18-05-2023,35,,385,198.520508,46719.3
17-05-2023,35,,369,199.596867,47016.6
16-05-2023,35,,280,199.182436,37346.7
15-05-2023,35,,487,199.068595,63186.5
12-05-2023,35,,834,197.738795,108776.2
09-05-2023,35,,975,197.523352,128749.8
11-05-2023,35,,771,197.421134,102097
10-05-2023,35,,854,197.346118,110959.9
08-05-2023,35,,824,197.211027,109634.7
06-05-2023,35,,769,196.750396,96037.6
04-05-2023,35,,843,197.345266,109696.5
03-05-2023,35,,844,197.838876,113166.4
02-05-2023,35,,681,196.113584,87813.4
27-04-2023,35,,662,195.136636,86924.2
29-04-2023,35,,817,194.853192,107168.7
28-04-2023,35,,704,193.617607,93831.6
26-04-2023,35,,912,194.95727,118396.8
25-04-2023,35,,841,196.444467,111048.5
24-04-2023,35,,651,195.217273,80833.5
20-04-2023,35,,710,191.721856,88074.8
19-04-2023,35,,623,192.183354,81080
18-04-2023,35,,466,188.535865,58499.4
17-04-2023,35,,711,188.110277,92731.3
13-04-2023,35,,579,188.150266,76645.2
15-04-2023,35,,515,187.074742,67395.1
12-04-2023,35,,858,192.00501,111666.3
11-04-2023,35,,643,193.219428,86796.5
08-04-2023,35,,486,189.307039,62508.9
10-04-2023,35,,477,189.642478,59631.7
06-04-2023,35,,701,190.143089,93705.9
05-04-2023,35,,387,184.484405,51166
03-04-2023,35,,613,186.289717,83251.5
29-03-2023,35,,450,192.431818,61679.8
31-03-2023,35,,393,188.211493,53749.7
28-03-2023,35,,599,192.834988,79765.8
27-03-2023,35,,449,195.879172,60368.1
25-03-2023,35,,329,197.689845,41433.9
24-03-2023,35,,408,198.543295,55215.6
23-03-2023,35,,406,197.578572,54732.6
09-03-2023,35,,43,200,6076.1
10-03-2023,35,,230,196.949829,30101.3
11-03-2023,35,,131,196.892489,17349
13-03-2023,35,,273,196.259687,35455.3
14-03-2023,35,,206,196.975902,26251.2
15-03-2023,35,,225,197.49859,29333.9
16-03-2023,35,,418,196.174885,54313.3
17-03-2023,35,,256,197.098918,34508.2
18-03-2023,35,,212,197.570528,29186.6
20-03-2023,35,,356,194.585452,48325.9
21-03-2023,35,,361,196.17678,47799.9
