24-03-2021,17,Devarapalli,27,3752.2,182.59
25-03-2021,17,Devarapalli,38,5215.3,178.03
26-03-2021,17,Devarapalli,58,8077.8,175.29
27-03-2021,17,Devarapalli,72,10064,172.42
29-03-2021,17,Devarapalli,57,8117.2,167.6
30-03-2021,17,Devarapalli,80,11132.1,170.9
31-03-2021,17,Devarapalli,79,10808.5,168.16
01-04-2021,17,Devarapalli,105,13994.6,173.18
03-04-2021,17,Devarapalli,92,12322.5,172.28
05-04-2021,17,Devarapalli,121,16652.2,164.23
06-04-2021,17,Devarapalli,180,24271.6,170.46
07-04-2021,17,Devarapalli,247,33662.4,168.19
09-04-2021,17,Devarapalli,177,24365.1,168.28
10-04-2021,17,Devarapalli,153,20981.9,165.95
15-04-2021,17,Devarapalli,238,32139.2,162.92
16-04-2021,17,Devarapalli,259,34181.5,165.86
17-04-2021,17,Devarapalli,173,22949,167.74
19-04-2021,17,Devarapalli,210,28384.4,164.99
20-04-2021,17,Devarapalli,249,33010.2,167.78
22-04-2021,17,Devarapalli,332,44690.6,165.8
23-04-2021,17,Devarapalli,609,81820.6,169.11
24-04-2021,17,Devarapalli,194,25603.5,165.74
26-04-2021,17,Devarapalli,207,27636.6,164.5
27-04-2021,17,Devarapalli,410,55273.1,165.74
28-04-2021,17,Devarapalli,269,35810,162.79
29-04-2021,17,Devarapalli,274,36252.7,165.61
30-04-2021,17,Devarapalli,289,38890.8,168.74
03-05-2021,17,Devarapalli,168,22235.8,163.79
04-05-2021,17,Devarapalli,349,47199.1,162.55
05-05-2021,17,Devarapalli,199,25982.4,162.13
06-05-2021,17,Devarapalli,187,24153.2,162.84
07-05-2021,17,Devarapalli,319,43277.3,166.31
08-05-2021,17,Devarapalli,117,15528.8,158.69
10-05-2021,17,Devarapalli,171,23157.3,161.83
11-05-2021,17,Devarapalli,176,23499.7,163.07
12-05-2021,17,Devarapalli,123,16499.3,165.92
31-05-2021,17,Devarapalli,64,8712.8,162.3
01-06-2021,17,Devarapalli,158,20932.8,162.69
02-06-2021,17,Devarapalli,234,30668.7,168.23
03-06-2021,17,Devarapalli,206,27523.1,166.61
04-06-2021,17,Devarapalli,375,50368.3,169.53
05-06-2021,17,Devarapalli,155,21152.2,171.63
07-06-2021,17,Devarapalli,134,17606,169.44
08-06-2021,17,Devarapalli,515,68368,167.77
09-06-2021,17,Devarapalli,327,43116.9,170.04
10-06-2021,17,Devarapalli,499,65750.9,166.81
11-06-2021,17,Devarapalli,706,92649.4,164.1
12-06-2021,17,Devarapalli,564,73297.3,159.64
14-06-2021,17,Devarapalli,515,67710.9,161.92
15-06-2021,17,Devarapalli,844,112537.1,156.08
16-06-2021,17,Devarapalli,317,41771.9,150.89
17-06-2021,17,Devarapalli,495,63751.5,149.76
18-06-2021,17,Devarapalli,445,57343.8,149.3
19-06-2021,17,Devarapalli,176,22846.6,138.87
21-06-2021,17,Devarapalli,584,76871.4,146.29
22-06-2021,17,Devarapalli,556,72981.7,151.31
23-06-2021,17,Devarapalli,410,53717.8,148.64
24-06-2021,17,Devarapalli,431,57309.9,146.63
25-06-2021,17,Devarapalli,420,55162.9,148.22
26-06-2021,17,Devarapalli,300,39330.3,156.69
28-06-2021,17,Devarapalli,320,41901.8,147.76
29-06-2021,17,Devarapalli,685,89541.1,147.56
30-06-2021,17,Devarapalli,338,44675.4,154.93
01-07-2021,17,Devarapalli,429,55738.9,153.52
02-07-2021,17,Devarapalli,369,49358.3,154.77
03-07-2021,17,Devarapalli,241,31614.3,161.6
05-07-2021,17,Devarapalli,518,68999.4,156.51
06-07-2021,17,Devarapalli,561,75703,161.5
07-07-2021,17,Devarapalli,446,59053.5,157.87
08-07-2021,17,Devarapalli,305,41264.3,163.38
09-07-2021,17,Devarapalli,694,90179.1,159.31
10-07-2021,17,Devarapalli,516,68169.9,164.12
12-07-2021,17,Devarapalli,456,61506.5,158.6
13-07-2021,17,Devarapalli,484,63377,155.32
14-07-2021,17,Devarapalli,464,61045,163.25
15-07-2021,17,Devarapalli,459,60228.2,155.89
16-07-2021,17,Devarapalli,718,96732.4,164.82
17-07-2021,17,Devarapalli,655,86265.7,162.44
19-07-2021,17,Devarapalli,776,102784.5,159.25
20-07-2021,17,Devarapalli,851,113611.7,164.35
22-07-2021,17,Devarapalli,326,43426.6,154.14
23-07-2021,17,Devarapalli,665,86214.9,160.34
24-07-2021,17,Devarapalli,716,93181.8,165
26-07-2021,17,Devarapalli,1099,145867,167.98
27-07-2021,17,Devarapalli,776,101642.8,160.85
28-07-2021,17,Devarapalli,951,124652.3,162.19
29-07-2021,17,Devarapalli,546,70567.3,150.36
30-07-2021,17,Devarapalli,652,86744.8,162.66
31-07-2021,17,Devarapalli,515,67737.7,164.55
02-08-2021,17,Devarapalli,919,118929.8,167.05
03-08-2021,17,Devarapalli,286,37653.8,157
04-08-2021,17,Devarapalli,368,48673.5,150.03
05-08-2021,17,Devarapalli,403,51335.4,154.86
06-08-2021,17,Devarapalli,382,50383.7,175.92
07-08-2021,17,Devarapalli,732,94136.1,163.62
09-08-2021,17,Devarapalli,1016,136503.5,166.29
10-08-2021,17,Devarapalli,719,96364.5,159.09
11-08-2021,17,Devarapalli,853,115820.1,161.5
12-08-2021,17,Devarapalli,292,39366,142.82
13-08-2021,17,Devarapalli,517,69766.5,150.33
14-08-2021,17,Devarapalli,590,76098.8,166.62
16-08-2021,17,Devarapalli,624,81262.8,156.51
17-08-2021,17,Devarapalli,565,73635.9,155.74
18-08-2021,17,Devarapalli,743,100034,164.29
19-08-2021,17,Devarapalli,556,76381.5,161.5
21-08-2021,17,Devarapalli,588,78780.3,166.44
23-08-2021,17,Devarapalli,1064,142570.3,166.8
24-08-2021,17,Devarapalli,451,60187.5,146.03
25-08-2021,17,Devarapalli,656,85349.9,153.75
26-08-2021,17,Devarapalli,630,81676.9,152.83
27-08-2021,17,Devarapalli,723,94145.5,149.74
28-08-2021,17,Devarapalli,591,74298.4,154.19
30-08-2021,17,Devarapalli,964,126977.2,159.64
31-08-2021,17,Devarapalli,1013,130746.6,153.27
01-09-2021,17,Devarapalli,987,121690.5,141.84
02-09-2021,17,Devarapalli,620,75651.8,128.68
03-09-2021,17,Devarapalli,558,68308,138.42
04-09-2021,17,Devarapalli,869,114388.7,158.49
06-09-2021,17,Devarapalli,718,91025.4,163.38
07-09-2021,17,Devarapalli,619,74864,156.55
08-09-2021,17,Devarapalli,590,75087.4,163.2
09-09-2021,17,Devarapalli,386,47421.7,151.12
11-09-2021,17,Devarapalli,971,116955.3,142.11
13-09-2021,17,Devarapalli,1088,103305,71.53
14-09-2021,17,Devarapalli,1026,99475.7,66.54
15-09-2021,17,Devarapalli,1031,99493.4,66.49
16-09-2021,17,Devarapalli,778,72685.4,64.45
24-03-2021,18,J.R. Gudem - I,18,2528,184.55
25-03-2021,18,J.R. Gudem - I,30,4005.9,179.01
26-03-2021,18,J.R. Gudem - I,84,11267.5,176.99
27-03-2021,18,J.R. Gudem - I,57,7483.4,171.89
29-03-2021,18,J.R. Gudem - I,70,9422.5,172.73
30-03-2021,18,J.R. Gudem - I,148,19284,165.39
31-03-2021,18,J.R. Gudem - I,59,7199.6,168.92
01-04-2021,18,J.R. Gudem - I,108,13616.3,170.61
03-04-2021,18,J.R. Gudem - I,109,14321.3,172.02
05-04-2021,18,J.R. Gudem - I,63,8116.3,169.91
06-04-2021,18,J.R. Gudem - I,327,42474,168.37
07-04-2021,18,J.R. Gudem - I,448,57862.7,166.76
09-04-2021,18,J.R. Gudem - I,317,39588.4,163.53
10-04-2021,18,J.R. Gudem - I,217,27930.5,163.45
15-04-2021,18,J.R. Gudem - I,394,51095.9,164.39
16-04-2021,18,J.R. Gudem - I,507,65531.3,164.23
17-04-2021,18,J.R. Gudem - I,316,40910.9,167.26
19-04-2021,18,J.R. Gudem - I,451,57536.8,158
20-04-2021,18,J.R. Gudem - I,332,41102.5,163.44
22-04-2021,18,J.R. Gudem - I,338,43286.9,160.15
23-04-2021,18,J.R. Gudem - I,820,105261.8,163.82
24-04-2021,18,J.R. Gudem - I,454,57899.1,156.35
26-04-2021,18,J.R. Gudem - I,410,51741.8,158.26
27-04-2021,18,J.R. Gudem - I,760,97917.7,162.81
28-04-2021,18,J.R. Gudem - I,449,56874.4,157.05
29-04-2021,18,J.R. Gudem - I,500,64690.1,162.06
30-04-2021,18,J.R. Gudem - I,452,58517.9,157.23
03-05-2021,18,J.R. Gudem - I,241,29734.4,162.08
04-05-2021,18,J.R. Gudem - I,210,27097.9,164.26
05-05-2021,18,J.R. Gudem - I,402,51271.2,160.69
06-05-2021,18,J.R. Gudem - I,178,22724.9,164.27
07-05-2021,18,J.R. Gudem - I,193,25692.6,168.13
08-05-2021,18,J.R. Gudem - I,120,15525.1,161.87
10-05-2021,18,J.R. Gudem - I,148,18934.2,161.16
11-05-2021,18,J.R. Gudem - I,277,35125.6,164.81
12-05-2021,18,J.R. Gudem - I,445,55914.4,168.24
31-05-2021,18,J.R. Gudem - I,318,41390.1,166.53
01-06-2021,18,J.R. Gudem - I,402,53257.8,170.3
02-06-2021,18,J.R. Gudem - I,351,44853,166.82
03-06-2021,18,J.R. Gudem - I,658,84236,172.96
04-06-2021,18,J.R. Gudem - I,727,91191,172.35
05-06-2021,18,J.R. Gudem - I,331,42314,167.94
07-06-2021,18,J.R. Gudem - I,417,54085.4,170.59
08-06-2021,18,J.R. Gudem - I,496,63553.2,168.42
09-06-2021,18,J.R. Gudem - I,1039,133570,171.24
10-06-2021,18,J.R. Gudem - I,965,119654.7,167.63
11-06-2021,18,J.R. Gudem - I,530,67615,172.36
12-06-2021,18,J.R. Gudem - I,556,70496,166.61
14-06-2021,18,J.R. Gudem - I,675,88369,171.44
15-06-2021,18,J.R. Gudem - I,800,103099.2,171.77
16-06-2021,18,J.R. Gudem - I,873,111577,168.61
17-06-2021,18,J.R. Gudem - I,850,106864,168.82
18-06-2021,18,J.R. Gudem - I,792,102122.8,166.89
19-06-2021,18,J.R. Gudem - I,180,23536.3,166.42
21-06-2021,18,J.R. Gudem - I,856,108487.7,162.96
22-06-2021,18,J.R. Gudem - I,626,79979,166.98
23-06-2021,18,J.R. Gudem - I,861,105916,165.94
24-06-2021,18,J.R. Gudem - I,651,81490.8,164.39
25-06-2021,18,J.R. Gudem - I,429,53762.3,164.23
26-06-2021,18,J.R. Gudem - I,156,18969.2,163.89
28-06-2021,18,J.R. Gudem - I,595,74341.3,168.44
29-06-2021,18,J.R. Gudem - I,734,91864.7,162.43
30-06-2021,18,J.R. Gudem - I,552,71497.5,171
01-07-2021,18,J.R. Gudem - I,492,60026.3,165.3
02-07-2021,18,J.R. Gudem - I,487,63405.5,172.05
03-07-2021,18,J.R. Gudem - I,191,23201.2,161.91
05-07-2021,18,J.R. Gudem - I,479,61214.1,170.97
06-07-2021,18,J.R. Gudem - I,1072,133117.1,163.2
07-07-2021,18,J.R. Gudem - I,740,98227.7,173.83
08-07-2021,18,J.R. Gudem - I,682,90915.4,172.33
09-07-2021,18,J.R. Gudem - I,469,62494.2,169.26
10-07-2021,18,J.R. Gudem - I,215,26953.7,167.55
12-07-2021,18,J.R. Gudem - I,642,82879.5,162.38
13-07-2021,18,J.R. Gudem - I,196,25270.5,173.77
14-07-2021,18,J.R. Gudem - I,917,117399.2,169.76
15-07-2021,18,J.R. Gudem - I,874,114361.4,167.69
16-07-2021,18,J.R. Gudem - I,891,117693.5,171.36
17-07-2021,18,J.R. Gudem - I,517,64695.9,163.18
19-07-2021,18,J.R. Gudem - I,590,77131.1,165.58
20-07-2021,18,J.R. Gudem - I,362,47029.9,166.64
22-07-2021,18,J.R. Gudem - I,670,86548.7,175.76
23-07-2021,18,J.R. Gudem - I,725,95646,173.84
24-07-2021,18,J.R. Gudem - I,496,63022.1,165.66
26-07-2021,18,J.R. Gudem - I,745,98061.2,173.6
27-07-2021,18,J.R. Gudem - I,880,115044.5,176.92
28-07-2021,18,J.R. Gudem - I,185,23877.7,170.86
29-07-2021,18,J.R. Gudem - I,492,63680.8,173.3
30-07-2021,18,J.R. Gudem - I,763,99754,176.61
31-07-2021,18,J.R. Gudem - I,578,71277.3,166.48
02-08-2021,18,J.R. Gudem - I,1173,150814.8,175.46
03-08-2021,18,J.R. Gudem - I,990,129858.7,173.58
04-08-2021,18,J.R. Gudem - I,1091,136360,172.78
05-08-2021,18,J.R. Gudem - I,1104,141079.9,171.11
06-08-2021,18,J.R. Gudem - I,839,106086.4,167.37
07-08-2021,18,J.R. Gudem - I,646,81091.1,166.24
09-08-2021,18,J.R. Gudem - I,1053,135888.4,172.91
10-08-2021,18,J.R. Gudem - I,1087,139667.8,171.27
11-08-2021,18,J.R. Gudem - I,922,117210.5,169.29
12-08-2021,18,J.R. Gudem - I,859,109976,167.62
13-08-2021,18,J.R. Gudem - I,803,102555.3,167.84
14-08-2021,18,J.R. Gudem - I,622,77822.6,166.85
16-08-2021,18,J.R. Gudem - I,1046,133390.8,174.11
17-08-2021,18,J.R. Gudem - I,597,75746.1,174.61
18-08-2021,18,J.R. Gudem - I,504,62330.2,165.6
19-08-2021,18,J.R. Gudem - I,953,116806.3,171.38
21-08-2021,18,J.R. Gudem - I,369,45683.1,166.48
23-08-2021,18,J.R. Gudem - I,844,107984.5,167.8
24-08-2021,18,J.R. Gudem - I,714,89740.1,164.98
25-08-2021,18,J.R. Gudem - I,981,124655.7,162.34
26-08-2021,18,J.R. Gudem - I,644,78775.3,162.23
27-08-2021,18,J.R. Gudem - I,765,90702.9,146.07
28-08-2021,18,J.R. Gudem - I,707,70007.2,55.39
30-08-2021,18,J.R. Gudem - I,1304,145380.3,113.93
31-08-2021,18,J.R. Gudem - I,1310,137044.4,73.84
01-09-2021,18,J.R. Gudem - I,1321,133591.7,70.48
02-09-2021,18,J.R. Gudem - I,1331,130186.7,67.91
03-09-2021,18,J.R. Gudem - I,1272,126051.1,67.99
04-09-2021,18,J.R. Gudem - I,701,69167.8,63.67
15-03-2021,20,Ongole - I,18,2317.6,180
16-03-2021,20,Ongole - I,25,3250.2,180.09
17-03-2021,20,Ongole - I,47,6104,177.37
18-03-2021,20,Ongole - I,100,13038.3,174.97
19-03-2021,20,Ongole - I,188,24596.9,176.64
20-03-2021,20,Ongole - I,181,23975.6,174.43
22-03-2021,20,Ongole - I,331,44610,172.55
23-03-2021,20,Ongole - I,318,42358.7,173.27
24-03-2021,20,Ongole - I,320,42354.2,176.16
25-03-2021,20,Ongole - I,335,43852.8,176.28
26-03-2021,20,Ongole - I,561,74175,173.11
27-03-2021,20,Ongole - I,516,67431.9,172.92
29-03-2021,20,Ongole - I,740,97696.2,171.07
30-03-2021,20,Ongole - I,623,80341.1,172.19
31-03-2021,20,Ongole - I,605,82741.9,171.47
01-04-2021,20,Ongole - I,692,89323,170.64
03-04-2021,20,Ongole - I,564,74641,169.17
05-04-2021,20,Ongole - I,570,75140.9,164.59
06-04-2021,20,Ongole - I,418,54020.2,161.17
07-04-2021,20,Ongole - I,429,54724.1,158.41
09-04-2021,20,Ongole - I,459,59579,158.61
10-04-2021,20,Ongole - I,618,78506.8,157.68
12-04-2021,20,Ongole - I,603,78040.1,157.75
15-04-2021,20,Ongole - I,621,77869.7,151.29
16-04-2021,20,Ongole - I,650,83969.1,146.36
17-04-2021,20,Ongole - I,480,64495.5,146.4
19-04-2021,20,Ongole - I,630,78422,150.56
20-04-2021,20,Ongole - I,619,78950.7,147.22
22-04-2021,20,Ongole - I,475,62547.1,149.8
23-04-2021,20,Ongole - I,432,53426,149.51
24-04-2021,20,Ongole - I,525,68649.6,150.09
26-04-2021,20,Ongole - I,634,77794.2,148.61
27-04-2021,20,Ongole - I,453,58370.3,150.67
28-04-2021,20,Ongole - I,499,61579.1,147.74
29-04-2021,20,Ongole - I,549,70191.6,146.2
30-04-2021,20,Ongole - I,406,53501.2,145.05
03-05-2021,20,Ongole - I,442,56675.5,155.6
04-05-2021,20,Ongole - I,311,39180.9,146.39
05-05-2021,20,Ongole - I,337,43274.1,145.68
06-05-2021,20,Ongole - I,207,25711.2,142.85
07-05-2021,20,Ongole - I,360,43821.7,141.06
08-05-2021,20,Ongole - I,356,46732.9,150.78
10-05-2021,20,Ongole - I,380,46362.9,146.29
11-05-2021,20,Ongole - I,259,32898.2,143.94
12-05-2021,20,Ongole - I,332,42085.5,145.68
13-05-2021,20,Ongole - I,400,49839.8,144.09
31-05-2021,20,Ongole - I,325,42337.7,155.17
01-06-2021,20,Ongole - I,446,59052,153.8
02-06-2021,20,Ongole - I,589,76140.8,153.96
03-06-2021,20,Ongole - I,330,42448.5,153.37
04-06-2021,20,Ongole - I,438,57324.8,153.66
05-06-2021,20,Ongole - I,391,48298.7,149.21
07-06-2021,20,Ongole - I,450,55423,151.51
08-06-2021,20,Ongole - I,524,67180.9,155
09-06-2021,20,Ongole - I,543,66465.8,155.31
10-06-2021,20,Ongole - I,562,70981.4,156.16
11-06-2021,20,Ongole - I,607,75238.6,150.74
12-06-2021,20,Ongole - I,552,70220.2,150.52
14-06-2021,20,Ongole - I,813,103071.3,149.87
15-06-2021,20,Ongole - I,817,103887.7,155.77
16-06-2021,20,Ongole - I,766,97142.3,149.45
17-06-2021,20,Ongole - I,772,94412.4,144.66
18-06-2021,20,Ongole - I,798,95102.3,144.5
19-06-2021,20,Ongole - I,964,120650.4,153.56
21-06-2021,20,Ongole - I,973,119488.6,152.76
22-06-2021,20,Ongole - I,1072,131717.5,154.56
23-06-2021,20,Ongole - I,1166,146454.8,153.33
24-06-2021,20,Ongole - I,990,123231.9,148.34
25-06-2021,20,Ongole - I,848,108846.7,151.81
26-06-2021,20,Ongole - I,730,96376,148.25
28-06-2021,20,Ongole - I,878,107014.9,148.8
29-06-2021,20,Ongole - I,672,83534.1,153.82
30-06-2021,20,Ongole - I,824,107227.1,152.07
01-07-2021,20,Ongole - I,766,90252.4,143.44
02-07-2021,20,Ongole - I,805,100145.3,154.09
03-07-2021,20,Ongole - I,893,115137.1,160.86
05-07-2021,20,Ongole - I,939,114653.1,159.14
06-07-2021,20,Ongole - I,882,110338.9,159.24
07-07-2021,20,Ongole - I,807,103027.3,157.04
08-07-2021,20,Ongole - I,856,106296.4,152.95
09-07-2021,20,Ongole - I,1071,140181.7,161.37
10-07-2021,20,Ongole - I,1226,164279.7,159.99
12-07-2021,20,Ongole - I,1039,133742.7,155.05
13-07-2021,20,Ongole - I,947,121586.5,158.49
14-07-2021,20,Ongole - I,815,101314.3,147.94
15-07-2021,20,Ongole - I,927,114041.2,154.97
16-07-2021,20,Ongole - I,884,110680.4,155.21
17-07-2021,20,Ongole - I,1145,136096.3,153.33
19-07-2021,20,Ongole - I,824,104370.3,155.71
20-07-2021,20,Ongole - I,900,109963.6,152.32
22-07-2021,20,Ongole - I,1168,151904.3,162.03
23-07-2021,20,Ongole - I,1176,150898.1,156.3
24-07-2021,20,Ongole - I,990,122407,153.03
26-07-2021,20,Ongole - I,746,83438.9,118.92
27-07-2021,20,Ongole - I,1030,111168.8,107.5
28-07-2021,20,Ongole - I,823,93834.5,116.68
29-07-2021,20,Ongole - I,1064,115435.2,84.97
30-07-2021,20,Ongole - I,684,76037.3,93.68
31-07-2021,20,Ongole - I,697,74611.8,98.15
02-08-2021,20,Ongole - I,917,101883.3,94.37
03-08-2021,20,Ongole - I,910,98728.6,82.59
04-08-2021,20,Ongole - I,1426,156347.7,86.58
05-08-2021,20,Ongole - I,1109,120562.6,79.38
06-08-2021,20,Ongole - I,866,89477.5,70.91
07-08-2021,20,Ongole - I,1123,116204.8,65.19
09-08-2021,20,Ongole - I,1314,134821.6,70.54
10-08-2021,20,Ongole - I,973,99993.1,81.78
11-08-2021,20,Ongole - I,505,47415.3,67.55
15-03-2021,22,Podili - I,18,2425.1,180
16-03-2021,22,Podili - I,27,3653.7,180
17-03-2021,22,Podili - I,35,4764.1,177.64
18-03-2021,22,Podili - I,100,13815.2,171.65
19-03-2021,22,Podili - I,128,16657.5,171.86
20-03-2021,22,Podili - I,262,33895.3,175.06
22-03-2021,22,Podili - I,263,34603.8,174.54
23-03-2021,22,Podili - I,288,38043.7,173.39
24-03-2021,22,Podili - I,237,31649,175.3
25-03-2021,22,Podili - I,507,66837.8,176.47
26-03-2021,22,Podili - I,310,40673.5,175.19
27-03-2021,22,Podili - I,435,57990.2,176.01
29-03-2021,22,Podili - I,481,63849.3,170.25
30-03-2021,22,Podili - I,360,47888.3,164.69
31-03-2021,22,Podili - I,492,67088.9,164.4
01-04-2021,22,Podili - I,299,39855.1,168.09
03-04-2021,22,Podili - I,489,65739.9,166.41
05-04-2021,22,Podili - I,548,74238.1,163.63
06-04-2021,22,Podili - I,754,98628.6,165.39
07-04-2021,22,Podili - I,699,92383.4,162.36
09-04-2021,22,Podili - I,536,71579.6,160.39
10-04-2021,22,Podili - I,864,114092.5,162.44
12-04-2021,22,Podili - I,770,104561.3,160.51
15-04-2021,22,Podili - I,651,87591.6,151.18
16-04-2021,22,Podili - I,545,73857.2,152.77
17-04-2021,22,Podili - I,396,52732.6,152.03
19-04-2021,22,Podili - I,478,64135.2,145.32
20-04-2021,22,Podili - I,438,59698,147.14
22-04-2021,22,Podili - I,312,41745.6,142.96
23-04-2021,22,Podili - I,20,2575,148.74
24-04-2021,22,Podili - I,357,46413.1,152.25
26-04-2021,22,Podili - I,313,41395.6,152.8
27-04-2021,22,Podili - I,340,45066.6,146.85
28-04-2021,22,Podili - I,431,56970.4,154.39
29-04-2021,22,Podili - I,541,72627.4,156.94
30-04-2021,22,Podili - I,359,47437.3,138.37
03-05-2021,22,Podili - I,428,58341.1,150.08
04-05-2021,22,Podili - I,342,45766.2,147.9
05-05-2021,22,Podili - I,282,37921.3,141.55
06-05-2021,22,Podili - I,21,2664.2,134.48
07-05-2021,22,Podili - I,540,72196.8,144.14
08-05-2021,22,Podili - I,202,25999.4,152.26
10-05-2021,22,Podili - I,180,24474.4,154.86
11-05-2021,22,Podili - I,98,12682,150.12
12-05-2021,22,Podili - I,163,21438.7,151.79
31-05-2021,22,Podili - I,267,35030.3,143.78
01-06-2021,22,Podili - I,265,35454.3,144.05
02-06-2021,22,Podili - I,399,51380.4,148.85
03-06-2021,22,Podili - I,422,54855.6,151.28
04-06-2021,22,Podili - I,416,56361.1,153.66
05-06-2021,22,Podili - I,445,59172.3,144.32
07-06-2021,22,Podili - I,577,78503.6,146.21
08-06-2021,22,Podili - I,496,66664.5,153.17
09-06-2021,22,Podili - I,673,89965.8,149.12
10-06-2021,22,Podili - I,481,63953,144.05
11-06-2021,22,Podili - I,762,97378.1,151.93
12-06-2021,22,Podili - I,593,76122.7,144.89
14-06-2021,22,Podili - I,903,116690.4,140.55
15-06-2021,22,Podili - I,728,92671.2,148.7
16-06-2021,22,Podili - I,984,129531.1,148.74
17-06-2021,22,Podili - I,794,104166.1,135.6
18-06-2021,22,Podili - I,640,84978.8,139.56
19-06-2021,22,Podili - I,669,87761,145.64
21-06-2021,22,Podili - I,802,104322.8,145.56
22-06-2021,22,Podili - I,662,82967,150.25
23-06-2021,22,Podili - I,527,68731,146.18
24-06-2021,22,Podili - I,765,98181.6,144.45
25-06-2021,22,Podili - I,572,72625.7,153.77
26-06-2021,22,Podili - I,678,87811.5,148.33
28-06-2021,22,Podili - I,699,89388.7,141.38
29-06-2021,22,Podili - I,568,75528.5,141.56
30-06-2021,22,Podili - I,733,87827.4,134.4
01-07-2021,22,Podili - I,873,108541.5,149.18
02-07-2021,22,Podili - I,818,103985.8,152.41
03-07-2021,22,Podili - I,724,92700.2,148.29
05-07-2021,22,Podili - I,741,95879.9,144.05
06-07-2021,22,Podili - I,431,55316.7,149.81
07-07-2021,22,Podili - I,1158,144409.1,145.4
08-07-2021,22,Podili - I,579,71923.7,141.22
09-07-2021,22,Podili - I,422,53118.4,136.96
10-07-2021,22,Podili - I,859,108651.1,135.93
12-07-2021,22,Podili - I,834,101906.1,122.21
13-07-2021,22,Podili - I,942,113674.6,119.78
14-07-2021,22,Podili - I,724,87531,118.49
15-07-2021,22,Podili - I,810,93411,104.39
16-07-2021,22,Podili - I,1033,125007.9,108.4
17-07-2021,22,Podili - I,713,86565.1,117.04
19-07-2021,22,Podili - I,302,35789.9,111.3
20-07-2021,22,Podili - I,547,71232.6,124.01
22-07-2021,22,Podili - I,385,44215.7,114.29
23-07-2021,22,Podili - I,691,77714.4,111.19
24-07-2021,22,Podili - I,928,106840.1,106.08
26-07-2021,22,Podili - I,1082,123099.7,97.79
27-07-2021,22,Podili - I,641,76021,112.65
28-07-2021,22,Podili - I,396,47764.5,102.12
29-07-2021,22,Podili - I,535,61290.4,74.21
30-07-2021,22,Podili - I,843,96720.8,84.12
31-07-2021,22,Podili - I,842,91579.5,72.55
02-08-2021,22,Podili - I,891,94460.6,64.3
03-08-2021,22,Podili - I,747,79690.3,53.85
04-08-2021,22,Podili - I,533,56222.3,55.57
05-08-2021,22,Podili - I,825,79725.6,47.76
15-03-2021,23,Ongole - II,18,2310.9,180.54
16-03-2021,23,Ongole - II,33,3788.8,179.41
17-03-2021,23,Ongole - II,103,12915.5,177.08
18-03-2021,23,Ongole - II,91,11423.6,170.61
19-03-2021,23,Ongole - II,45,6217.3,176.65
20-03-2021,23,Ongole - II,80,10701.7,177.38
22-03-2021,23,Ongole - II,275,35978.6,176.18
23-03-2021,23,Ongole - II,235,32207.5,178.23
24-03-2021,23,Ongole - II,237,31022.4,179.69
25-03-2021,23,Ongole - II,257,33617.2,179
26-03-2021,23,Ongole - II,199,26652.9,176.83
27-03-2021,23,Ongole - II,371,49894.4,172.57
29-03-2021,23,Ongole - II,385,48034.4,170.67
30-03-2021,23,Ongole - II,170,22162.4,166
31-03-2021,23,Ongole - II,196,26632.5,165.96
01-04-2021,23,Ongole - II,286,38246.6,165.4
03-04-2021,23,Ongole - II,320,41099,164.1
05-04-2021,23,Ongole - II,216,29243.7,165.21
06-04-2021,23,Ongole - II,361,47322.5,162.53
07-04-2021,23,Ongole - II,255,34589.3,161.88
09-04-2021,23,Ongole - II,350,43963.4,156.57
10-04-2021,23,Ongole - II,308,39916.3,157.46
12-04-2021,23,Ongole - II,253,33229.6,150.47
15-04-2021,23,Ongole - II,409,53822.4,148.92
16-04-2021,23,Ongole - II,262,33624.3,147.42
17-04-2021,23,Ongole - II,256,32945.2,147.38
19-04-2021,23,Ongole - II,329,41264.5,142
20-04-2021,23,Ongole - II,83,10210.6,141.97
22-04-2021,23,Ongole - II,255,34100.4,150.81
23-04-2021,23,Ongole - II,402,49093.3,145.32
24-04-2021,23,Ongole - II,418,53645.6,142.93
26-04-2021,23,Ongole - II,297,38193.2,140.11
27-04-2021,23,Ongole - II,410,53124.1,140.21
28-04-2021,23,Ongole - II,323,40851.6,141.73
29-04-2021,23,Ongole - II,349,45419.9,142.15
30-04-2021,23,Ongole - II,378,46175.9,133.75
03-05-2021,23,Ongole - II,400,51424.3,140.72
04-05-2021,23,Ongole - II,449,54325.6,144.38
05-05-2021,23,Ongole - II,399,49194.3,135.74
06-05-2021,23,Ongole - II,200,25896.2,138.71
07-05-2021,23,Ongole - II,156,19185.4,137.95
08-05-2021,23,Ongole - II,249,33446.1,144.55
10-05-2021,23,Ongole - II,252,30410,132.87
11-05-2021,23,Ongole - II,259,32095.1,135.47
12-05-2021,23,Ongole - II,287,36437.9,140.01
13-05-2021,23,Ongole - II,243,31224.1,142.25
31-05-2021,23,Ongole - II,208,27050.8,145.3
01-06-2021,23,Ongole - II,201,24545.7,141.79
02-06-2021,23,Ongole - II,274,35418.3,148.16
03-06-2021,23,Ongole - II,295,37447.9,141.71
04-06-2021,23,Ongole - II,318,41136.2,146.01
05-06-2021,23,Ongole - II,334,39706.9,155.51
07-06-2021,23,Ongole - II,315,37174.2,151.34
08-06-2021,23,Ongole - II,506,62705,147.85
09-06-2021,23,Ongole - II,463,59475.8,148.1
10-06-2021,23,Ongole - II,413,51599,151.56
11-06-2021,23,Ongole - II,613,79817.8,152.37
12-06-2021,23,Ongole - II,551,71044.3,154.08
14-06-2021,23,Ongole - II,561,72358.7,151.51
15-06-2021,23,Ongole - II,764,97136,154.42
16-06-2021,23,Ongole - II,713,91761.1,148.76
17-06-2021,23,Ongole - II,637,75535.3,149.07
18-06-2021,23,Ongole - II,623,77568.3,147.89
19-06-2021,23,Ongole - II,596,74918.3,148.72
21-06-2021,23,Ongole - II,881,113062.1,147.46
22-06-2021,23,Ongole - II,813,103605.3,151.69
23-06-2021,23,Ongole - II,460,58598.8,142.34
24-06-2021,23,Ongole - II,615,80300.8,157.78
25-06-2021,23,Ongole - II,871,115830.2,157.32
26-06-2021,23,Ongole - II,584,76813.1,154.1
28-06-2021,23,Ongole - II,704,83723.7,147.26
29-06-2021,23,Ongole - II,443,55924.9,152.66
30-06-2021,23,Ongole - II,545,70938.7,150.9
01-07-2021,23,Ongole - II,583,75998.6,154.31
02-07-2021,23,Ongole - II,503,68296.7,154.53
03-07-2021,23,Ongole - II,620,81713.7,159.57
05-07-2021,23,Ongole - II,628,82414.3,149.04
06-07-2021,23,Ongole - II,738,97909.2,159.15
07-07-2021,23,Ongole - II,951,121690.1,145.31
08-07-2021,23,Ongole - II,767,92263.3,149.56
09-07-2021,23,Ongole - II,555,70657.6,148.21
10-07-2021,23,Ongole - II,948,121066.2,146.11
12-07-2021,23,Ongole - II,897,117989.2,151.23
13-07-2021,23,Ongole - II,839,108548.2,150.22
14-07-2021,23,Ongole - II,657,83606.9,142.64
15-07-2021,23,Ongole - II,866,113022.1,156.9
16-07-2021,23,Ongole - II,892,119645.2,155
17-07-2021,23,Ongole - II,702,84113.5,145.76
19-07-2021,23,Ongole - II,702,86199.6,145.8
20-07-2021,23,Ongole - II,1150,147185.4,149.09
22-07-2021,23,Ongole - II,799,99278,146.1
23-07-2021,23,Ongole - II,847,107863.4,144.1
24-07-2021,23,Ongole - II,1092,137856.8,140.55
26-07-2021,23,Ongole - II,792,91433,123.17
27-07-2021,23,Ongole - II,816,87727.9,83.08
28-07-2021,23,Ongole - II,706,76848.9,84.8
29-07-2021,23,Ongole - II,900,98697.9,89.76
30-07-2021,23,Ongole - II,1188,132191.4,81.32
31-07-2021,23,Ongole - II,1076,119651.7,88.84
02-08-2021,23,Ongole - II,1152,119668.6,60.9
03-08-2021,23,Ongole - II,666,67685.2,70.75
04-08-2021,23,Ongole - II,99,7247.7,18.54
15-03-2021,24,Tangutur - I,18,2354.9,179.15
16-03-2021,24,Tangutur - I,20,2570.7,178.67
17-03-2021,24,Tangutur - I,69,9021.8,178.2
18-03-2021,24,Tangutur - I,122,15881,177.22
19-03-2021,24,Tangutur - I,151,20033.2,174.05
20-03-2021,24,Tangutur - I,180,24987,174.59
22-03-2021,24,Tangutur - I,160,20261.6,177.68
23-03-2021,24,Tangutur - I,270,34748.6,177.43
24-03-2021,24,Tangutur - I,394,53984.4,173.7
25-03-2021,24,Tangutur - I,548,70641.7,176.91
26-03-2021,24,Tangutur - I,351,45565.9,177.06
27-03-2021,24,Tangutur - I,522,64872.9,169.18
29-03-2021,24,Tangutur - I,492,61662.7,168.69
30-03-2021,24,Tangutur - I,459,60653.4,168.01
31-03-2021,24,Tangutur - I,457,57415.1,168.13
01-04-2021,24,Tangutur - I,525,66606.5,164.47
03-04-2021,24,Tangutur - I,569,74017.5,166.53
05-04-2021,24,Tangutur - I,217,27492.6,166.3
06-04-2021,24,Tangutur - I,417,55968.7,160.41
07-04-2021,24,Tangutur - I,484,63779.3,162.41
09-04-2021,24,Tangutur - I,443,58025.4,155.33
10-04-2021,24,Tangutur - I,488,64574.6,159.48
12-04-2021,24,Tangutur - I,364,46428.9,151.46
15-04-2021,24,Tangutur - I,562,71858.4,147.17
16-04-2021,24,Tangutur - I,477,59872.9,149.83
17-04-2021,24,Tangutur - I,674,86824,148
19-04-2021,24,Tangutur - I,563,70493.5,153.01
20-04-2021,24,Tangutur - I,574,73054,143.18
22-04-2021,24,Tangutur - I,538,68824.4,156.84
23-04-2021,24,Tangutur - I,277,34958.1,154.77
24-04-2021,24,Tangutur - I,498,64471.6,147.43
26-04-2021,24,Tangutur - I,489,62532.8,151.55
27-04-2021,24,Tangutur - I,372,46145.6,141.46
28-04-2021,24,Tangutur - I,527,69042.5,149.57
29-04-2021,24,Tangutur - I,342,42485.4,141.91
30-04-2021,24,Tangutur - I,618,78580.9,143.47
03-05-2021,24,Tangutur - I,411,50623.1,147.46
04-05-2021,24,Tangutur - I,566,71419.4,141.85
05-05-2021,24,Tangutur - I,364,45486.4,147.96
06-05-2021,24,Tangutur - I,293,37214.6,142.06
07-05-2021,24,Tangutur - I,264,32351.6,151.76
08-05-2021,24,Tangutur - I,259,31262.1,144.67
10-05-2021,24,Tangutur - I,307,37316.5,140.34
11-05-2021,24,Tangutur - I,283,35156.2,144.27
12-05-2021,24,Tangutur - I,242,30694.6,143.19
13-05-2021,24,Tangutur - I,228,28683.6,140.63
31-05-2021,24,Tangutur - I,278,35298.1,152.09
01-06-2021,24,Tangutur - I,258,32493.1,151.53
02-06-2021,24,Tangutur - I,238,28251.6,138.54
03-06-2021,24,Tangutur - I,322,39840.4,139.38
04-06-2021,24,Tangutur - I,322,41546.9,147.38
05-06-2021,24,Tangutur - I,393,49589.8,144.65
07-06-2021,24,Tangutur - I,481,56673.4,137.05
08-06-2021,24,Tangutur - I,636,79624.3,148.64
09-06-2021,24,Tangutur - I,494,58864.3,148.27
10-06-2021,24,Tangutur - I,652,79734,143.13
11-06-2021,24,Tangutur - I,608,74929.3,151.24
12-06-2021,24,Tangutur - I,617,75335,143.1
14-06-2021,24,Tangutur - I,718,87006.5,143.85
15-06-2021,24,Tangutur - I,660,77856.9,141.39
16-06-2021,24,Tangutur - I,898,112712.3,144.22
17-06-2021,24,Tangutur - I,685,83984,149.67
18-06-2021,24,Tangutur - I,736,88454.8,137.41
19-06-2021,24,Tangutur - I,908,112908.3,140.23
21-06-2021,24,Tangutur - I,673,79183.1,136.4
22-06-2021,24,Tangutur - I,807,98619.4,146.24
23-06-2021,24,Tangutur - I,715,84121.6,140.41
24-06-2021,24,Tangutur - I,780,94712,143.09
25-06-2021,24,Tangutur - I,813,97373.3,146.14
26-06-2021,24,Tangutur - I,815,99829.1,149.04
28-06-2021,24,Tangutur - I,799,97799.2,145.25
29-06-2021,24,Tangutur - I,812,85826.1,130.31
30-06-2021,24,Tangutur - I,776,100447.3,149.56
01-07-2021,24,Tangutur - I,663,82049.1,147.64
02-07-2021,24,Tangutur - I,737,92796.8,149.27
03-07-2021,24,Tangutur - I,848,108068.1,148.08
05-07-2021,24,Tangutur - I,846,104345.3,145.4
06-07-2021,24,Tangutur - I,879,111739.2,150.91
07-07-2021,24,Tangutur - I,728,84477.9,140.8
08-07-2021,24,Tangutur - I,830,103096.1,147.09
09-07-2021,24,Tangutur - I,815,97155,147.28
10-07-2021,24,Tangutur - I,831,103296.2,152.11
12-07-2021,24,Tangutur - I,879,107771.8,145
13-07-2021,24,Tangutur - I,736,88231.3,148.72
14-07-2021,24,Tangutur - I,889,115319.3,151.17
15-07-2021,24,Tangutur - I,702,85928.5,144.52
16-07-2021,24,Tangutur - I,777,99622.2,151.79
17-07-2021,24,Tangutur - I,897,114123.7,146.28
19-07-2021,24,Tangutur - I,797,97456.2,144.55
20-07-2021,24,Tangutur - I,893,111827.1,151.28
22-07-2021,24,Tangutur - I,756,88235.3,145.45
23-07-2021,24,Tangutur - I,835,100415.4,140.04
24-07-2021,24,Tangutur - I,364,43172.5,135.61
26-07-2021,24,Tangutur - I,466,53698.3,129.99
27-07-2021,24,Tangutur - I,873,105547.7,131.27
28-07-2021,24,Tangutur - I,1028,124594,135.45
29-07-2021,24,Tangutur - I,844,102435.3,144.9
30-07-2021,24,Tangutur - I,930,111143.3,119.85
02-08-2021,24,Tangutur - I,769,86635.1,101.85
03-08-2021,24,Tangutur - I,963,114350.4,112.91
04-08-2021,24,Tangutur - I,920,111720.2,126.13
05-08-2021,24,Tangutur - I,1155,132939.9,109.44
06-08-2021,24,Tangutur - I,998,113527.7,94.32
07-08-2021,24,Tangutur - I,1020,114961.4,116.23
09-08-2021,24,Tangutur - I,1214,135991.2,101.23
10-08-2021,24,Tangutur - I,925,101279.9,89.95
11-08-2021,24,Tangutur - I,691,70594.1,78.99
12-08-2021,24,Tangutur - I,773,87147.1,103.44
13-08-2021,24,Tangutur - I,1105,118625.8,83.68
14-08-2021,24,Tangutur - I,853,95033.4,112.83
16-08-2021,24,Tangutur - I,1018,109633,71.5
17-08-2021,24,Tangutur - I,688,71653.9,81.41
18-08-2021,24,Tangutur - I,817,85998.3,79.54
19-08-2021,24,Tangutur - I,886,92714.4,73.33
21-08-2021,24,Tangutur - I,772,79713.3,72.65
23-08-2021,24,Tangutur - I,617,64972.9,76.34
24-08-2021,24,Tangutur - I,1057,117038.5,78.09
25-08-2021,24,Tangutur - I,1010,105562.7,63.53
26-08-2021,24,Tangutur - I,1014,102426.8,57.3
27-08-2021,24,Tangutur - I,716,70114.9,60.02
28-08-2021,24,Tangutur - I,1075,104079.7,73.21
30-08-2021,24,Tangutur - I,854,75304.4,47.82
15-03-2021,25,Kondepi,18,2375.6,180
16-03-2021,25,Kondepi,25,3297.3,180
17-03-2021,25,Kondepi,66,8336.6,177.77
18-03-2021,25,Kondepi,96,12595,175.05
19-03-2021,25,Kondepi,184,23863.6,175.49
20-03-2021,25,Kondepi,238,30071.8,174.23
22-03-2021,25,Kondepi,377,48025.2,174.3
23-03-2021,25,Kondepi,414,51242.9,175.61
24-03-2021,25,Kondepi,443,58888.9,177.32
25-03-2021,25,Kondepi,369,45879,177.78
26-03-2021,25,Kondepi,440,57637.6,171.79
27-03-2021,25,Kondepi,469,60008.3,174.47
29-03-2021,25,Kondepi,437,56250.4,169.2
30-03-2021,25,Kondepi,367,47517.6,167.69
31-03-2021,25,Kondepi,532,68897.7,169.97
01-04-2021,25,Kondepi,599,74555.1,171.25
03-04-2021,25,Kondepi,536,66249,168.97
05-04-2021,25,Kondepi,687,87176.9,166.88
06-04-2021,25,Kondepi,556,72245.6,168.1
07-04-2021,25,Kondepi,504,66729.6,166.62
09-04-2021,25,Kondepi,610,79035.7,165.44
10-04-2021,25,Kondepi,636,80628,161.14
12-04-2021,25,Kondepi,521,64850.2,161.78
15-04-2021,25,Kondepi,556,75601.8,163.16
16-04-2021,25,Kondepi,450,56811.3,165.28
17-04-2021,25,Kondepi,533,69593.4,155.49
19-04-2021,25,Kondepi,540,69414.7,158.18
20-04-2021,25,Kondepi,549,70286.9,155.13
22-04-2021,25,Kondepi,481,61887.5,151.33
23-04-2021,25,Kondepi,580,74778.1,153.71
24-04-2021,25,Kondepi,551,67816.9,154.77
26-04-2021,25,Kondepi,618,77679.2,155.36
27-04-2021,25,Kondepi,743,94003.7,156.56
28-04-2021,25,Kondepi,604,77961.3,153.44
29-04-2021,25,Kondepi,443,56276.6,154.39
30-04-2021,25,Kondepi,547,69314.9,157.14
03-05-2021,25,Kondepi,470,57194.7,151.57
04-05-2021,25,Kondepi,437,54087.9,150.72
05-05-2021,25,Kondepi,206,27366.8,146.12
06-05-2021,25,Kondepi,252,33369.8,146.51
07-05-2021,25,Kondepi,137,17336.4,156.46
08-05-2021,25,Kondepi,201,24579.2,149.39
10-05-2021,25,Kondepi,196,25027.4,137.86
11-05-2021,25,Kondepi,91,11747.3,152.71
12-05-2021,25,Kondepi,224,28263.6,147.6
13-05-2021,25,Kondepi,226,28929,151.24
31-05-2021,25,Kondepi,222,27715.2,142.86
01-06-2021,25,Kondepi,285,35467.5,145.47
02-06-2021,25,Kondepi,270,33465.5,144.37
03-06-2021,25,Kondepi,195,24971.3,145.93
04-06-2021,25,Kondepi,430,54337.1,146.11
05-06-2021,25,Kondepi,386,49500.5,146.98
07-06-2021,25,Kondepi,499,59356.8,153.49
08-06-2021,25,Kondepi,443,54650.2,148.17
09-06-2021,25,Kondepi,570,69952.1,154.14
10-06-2021,25,Kondepi,519,65974.9,150.82
11-06-2021,25,Kondepi,509,64307.2,150.43
12-06-2021,25,Kondepi,634,78410,149.27
14-06-2021,25,Kondepi,588,71052.7,150.36
15-06-2021,25,Kondepi,668,79596.8,153.78
16-06-2021,25,Kondepi,664,85422.1,152.68
17-06-2021,25,Kondepi,528,63032.5,150.6
18-06-2021,25,Kondepi,640,79628.2,142.7
19-06-2021,25,Kondepi,760,92981.5,147.43
21-06-2021,25,Kondepi,656,79454.9,146.91
22-06-2021,25,Kondepi,759,93788.4,150.03
23-06-2021,25,Kondepi,677,83237.1,143.99
24-06-2021,25,Kondepi,861,102039,150.74
25-06-2021,25,Kondepi,705,84698.3,152.55
26-06-2021,25,Kondepi,839,101955.6,152.39
28-06-2021,25,Kondepi,864,100832.6,140.95
29-06-2021,25,Kondepi,603,74203.5,152.14
30-06-2021,25,Kondepi,767,92838.1,150.09
01-07-2021,25,Kondepi,795,96505.2,155.26
02-07-2021,25,Kondepi,678,81790.4,152.21
03-07-2021,25,Kondepi,628,79266.3,157.82
05-07-2021,25,Kondepi,674,79015.7,146.99
06-07-2021,25,Kondepi,723,91138.3,150.38
07-07-2021,25,Kondepi,722,88067.5,144.28
08-07-2021,25,Kondepi,516,62700.2,144.83
09-07-2021,25,Kondepi,667,81964.2,144.38
10-07-2021,25,Kondepi,689,83981.4,145.76
12-07-2021,25,Kondepi,826,98666.9,148.12
13-07-2021,25,Kondepi,854,101366.4,145.75
14-07-2021,25,Kondepi,827,99331.6,143.68
15-07-2021,25,Kondepi,807,97569.2,143.14
16-07-2021,25,Kondepi,625,74108.9,140.17
17-07-2021,25,Kondepi,773,87765.9,135.97
19-07-2021,25,Kondepi,945,113948.2,150.5
20-07-2021,25,Kondepi,788,89767,138.51
22-07-2021,25,Kondepi,668,82300.4,150.61
23-07-2021,25,Kondepi,881,103453.9,146.49
24-07-2021,25,Kondepi,874,108528.1,156.51
26-07-2021,25,Kondepi,877,103013.8,139.85
27-07-2021,25,Kondepi,912,103436.5,115.38
28-07-2021,25,Kondepi,900,102445.6,118.26
29-07-2021,25,Kondepi,822,95078,117.88
30-07-2021,25,Kondepi,693,77708.7,118.72
31-07-2021,25,Kondepi,247,27232,102.79
02-08-2021,25,Kondepi,588,63881.9,92.47
03-08-2021,25,Kondepi,821,90377.2,87.36
04-08-2021,25,Kondepi,853,94986,93.43
05-08-2021,25,Kondepi,805,86183,99.52
06-08-2021,25,Kondepi,741,83631.5,121.33
07-08-2021,25,Kondepi,685,69067.8,91.52
09-08-2021,25,Kondepi,1140,118415,81.99
10-08-2021,25,Kondepi,1312,137318.2,78.15
11-08-2021,25,Kondepi,1301,136751.8,64.11
12-08-2021,25,Kondepi,1190,123798.7,64.68
13-08-2021,25,Kondepi,1337,135214,58.77
14-08-2021,25,Kondepi,1322,133107,59.78
16-08-2021,25,Kondepi,1343,137986.9,55.02
17-08-2021,25,Kondepi,1129,111299.3,65.9
18-08-2021,25,Kondepi,897,84194.1,45.05
15-03-2021,26,Kandukur - I,17,2463.7,180
16-03-2021,26,Kandukur - I,25,3374.1,179.56
17-03-2021,26,Kandukur - I,102,12820.1,178.84
18-03-2021,26,Kandukur - I,81,10240.2,177.81
19-03-2021,26,Kandukur - I,86,10980.9,177.63
20-03-2021,26,Kandukur - I,228,27290.6,178.46
22-03-2021,26,Kandukur - I,429,54883.9,179.17
23-03-2021,26,Kandukur - I,369,46451.3,179.02
24-03-2021,26,Kandukur - I,505,62487.2,179.02
25-03-2021,26,Kandukur - I,517,66827.2,177.87
26-03-2021,26,Kandukur - I,455,56466.3,175.39
27-03-2021,26,Kandukur - I,400,51037.3,175.59
29-03-2021,26,Kandukur - I,629,79200.6,175.76
30-03-2021,26,Kandukur - I,640,83617,172.84
31-03-2021,26,Kandukur - I,576,77177.7,168.56
01-04-2021,26,Kandukur - I,529,70772.3,170.24
03-04-2021,26,Kandukur - I,598,75737.7,173.7
05-04-2021,26,Kandukur - I,633,83522.1,171.18
06-04-2021,26,Kandukur - I,486,64894,166.78
07-04-2021,26,Kandukur - I,606,77649.8,170.93
09-04-2021,26,Kandukur - I,663,87432.9,168
10-04-2021,26,Kandukur - I,525,67197.2,164.3
12-04-2021,26,Kandukur - I,460,60297.2,164.26
15-04-2021,26,Kandukur - I,665,85809.9,163.92
16-04-2021,26,Kandukur - I,627,82531.6,163.62
17-04-2021,26,Kandukur - I,577,78567.2,158.12
19-04-2021,26,Kandukur - I,584,78488.1,165.07
20-04-2021,26,Kandukur - I,559,73169.6,164.52
22-04-2021,26,Kandukur - I,657,87239.2,162.71
23-04-2021,26,Kandukur - I,540,72736.2,161.55
24-04-2021,26,Kandukur - I,707,92503,165.93
26-04-2021,26,Kandukur - I,608,80281,161.02
27-04-2021,26,Kandukur - I,559,72667.6,159.86
28-04-2021,26,Kandukur - I,431,54982.3,156.85
29-04-2021,26,Kandukur - I,673,85684.6,158.6
30-04-2021,26,Kandukur - I,607,79707.6,159.81
03-05-2021,26,Kandukur - I,500,67570.5,153.08
04-05-2021,26,Kandukur - I,570,76926.3,158.3
05-05-2021,26,Kandukur - I,582,75776.4,162.95
06-05-2021,26,Kandukur - I,371,49058.6,157.26
07-05-2021,26,Kandukur - I,411,54172.5,157.62
08-05-2021,26,Kandukur - I,425,56669.6,154.93
10-05-2021,26,Kandukur - I,406,53596.8,161.61
11-05-2021,26,Kandukur - I,353,46039.3,154.52
12-05-2021,26,Kandukur - I,352,46635.2,152.66
13-05-2021,26,Kandukur - I,322,41307.5,152.32
31-05-2021,26,Kandukur - I,349,43054.1,149.51
01-06-2021,26,Kandukur - I,413,51208.6,148.48
02-06-2021,26,Kandukur - I,361,44857.3,149.95
03-06-2021,26,Kandukur - I,594,76431.6,150.92
04-06-2021,26,Kandukur - I,431,56509.4,143.37
05-06-2021,26,Kandukur - I,593,77953.5,147.56
07-06-2021,26,Kandukur - I,602,80318.1,151.41
08-06-2021,26,Kandukur - I,639,83578.1,158.79
09-06-2021,26,Kandukur - I,725,95192.2,155.73
10-06-2021,26,Kandukur - I,517,67154.3,156
11-06-2021,26,Kandukur - I,824,106004.1,158.15
12-06-2021,26,Kandukur - I,769,100102.9,152.63
14-06-2021,26,Kandukur - I,741,91575.8,148.19
15-06-2021,26,Kandukur - I,509,63644.6,152.84
16-06-2021,26,Kandukur - I,937,117466.4,153.2
17-06-2021,26,Kandukur - I,786,100824.4,149.11
18-06-2021,26,Kandukur - I,711,94817.7,155.46
19-06-2021,26,Kandukur - I,663,84663.9,150.55
21-06-2021,26,Kandukur - I,949,122200.8,157.61
22-06-2021,26,Kandukur - I,808,102700,152.58
23-06-2021,26,Kandukur - I,813,103131.1,155.16
24-06-2021,26,Kandukur - I,886,111851.8,157.41
25-06-2021,26,Kandukur - I,806,103696.5,150.56
26-06-2021,26,Kandukur - I,729,88258.9,145.7
28-06-2021,26,Kandukur - I,755,94422,151.57
29-06-2021,26,Kandukur - I,1034,128462.8,152.18
30-06-2021,26,Kandukur - I,837,103691.7,144.58
01-07-2021,26,Kandukur - I,651,86217,157.09
02-07-2021,26,Kandukur - I,679,85019.6,146.48
03-07-2021,26,Kandukur - I,753,96527.3,156.87
05-07-2021,26,Kandukur - I,650,78972.5,145.14
06-07-2021,26,Kandukur - I,1046,120348.4,146.21
07-07-2021,26,Kandukur - I,900,111373.9,146.33
08-07-2021,26,Kandukur - I,721,89330.9,143.01
09-07-2021,26,Kandukur - I,958,118946.3,144.13
10-07-2021,26,Kandukur - I,1028,123685.6,139.73
12-07-2021,26,Kandukur - I,1177,141792.4,114.77
13-07-2021,26,Kandukur - I,1111,136713.6,113.92
14-07-2021,26,Kandukur - I,583,67400.9,123.73
15-07-2021,26,Kandukur - I,912,105171.2,126.65
16-07-2021,26,Kandukur - I,933,108950.7,114.95
17-07-2021,26,Kandukur - I,962,114552.7,120.04
19-07-2021,26,Kandukur - I,665,72872.7,119.43
20-07-2021,26,Kandukur - I,442,49712.5,85.63
22-07-2021,26,Kandukur - I,505,57451.7,103.79
23-07-2021,26,Kandukur - I,1031,116313.3,95.45
24-07-2021,26,Kandukur - I,679,77459.5,93.08
26-07-2021,26,Kandukur - I,947,103960.8,85.31
27-07-2021,26,Kandukur - I,920,104130.8,87.59
28-07-2021,26,Kandukur - I,720,81582,78.7
29-07-2021,26,Kandukur - I,536,55444.9,76.51
30-07-2021,26,Kandukur - I,900,89738.4,54.24
31-07-2021,26,Kandukur - I,865,89296.8,60.01
02-08-2021,26,Kandukur - I,1384,140443,55.86
03-08-2021,26,Kandukur - I,543,54911.3,44.91
04-08-2021,26,Kandukur - I,684,69975.4,50.84
05-08-2021,26,Kandukur - I,1011,98941.4,49.58
15-03-2021,27,Kandukur - II,18,2125,180
16-03-2021,27,Kandukur - II,18,2147.9,178.8
17-03-2021,27,Kandukur - II,44,5489.3,174.55
18-03-2021,27,Kandukur - II,74,9536.5,177.33
19-03-2021,27,Kandukur - II,62,8255.7,178.95
20-03-2021,27,Kandukur - II,78,10432.5,178.89
22-03-2021,27,Kandukur - II,157,21637.7,177.71
23-03-2021,27,Kandukur - II,251,34290.2,177.29
24-03-2021,27,Kandukur - II,260,32845.5,179.14
25-03-2021,27,Kandukur - II,340,45541.9,177.7
26-03-2021,27,Kandukur - II,351,44691.3,176.6
27-03-2021,27,Kandukur - II,325,43443.4,176.87
29-03-2021,27,Kandukur - II,305,39273.7,175.4
30-03-2021,27,Kandukur - II,360,47498.1,174.12
31-03-2021,27,Kandukur - II,398,50377.7,173.21
01-04-2021,27,Kandukur - II,348,45080.3,171.19
03-04-2021,27,Kandukur - II,399,51590.4,171.2
05-04-2021,27,Kandukur - II,350,46933.7,170.89
06-04-2021,27,Kandukur - II,546,71086.6,165.97
07-04-2021,27,Kandukur - II,542,74039.8,168.25
09-04-2021,27,Kandukur - II,481,65937.5,166.47
10-04-2021,27,Kandukur - II,525,68051.7,166.75
12-04-2021,27,Kandukur - II,441,59606,165.11
15-04-2021,27,Kandukur - II,411,55147.7,160.73
16-04-2021,27,Kandukur - II,430,58423.6,161.98
17-04-2021,27,Kandukur - II,378,49917.4,163.09
19-04-2021,27,Kandukur - II,505,68431.2,163.04
20-04-2021,27,Kandukur - II,497,64111.4,158.75
22-04-2021,27,Kandukur - II,483,62846.2,161.28
23-04-2021,27,Kandukur - II,497,66526.5,158.08
24-04-2021,27,Kandukur - II,460,62322.4,162.72
26-04-2021,27,Kandukur - II,565,74049.1,156.12
27-04-2021,27,Kandukur - II,553,74619.4,152.09
28-04-2021,27,Kandukur - II,493,67548,153.1
29-04-2021,27,Kandukur - II,625,81433.2,160
30-04-2021,27,Kandukur - II,433,57784.8,152.9
03-05-2021,27,Kandukur - II,537,70683.1,156.03
04-05-2021,27,Kandukur - II,416,56279,154.72
05-05-2021,27,Kandukur - II,457,60358.9,157.38
06-05-2021,27,Kandukur - II,240,31817.7,157.43
07-05-2021,27,Kandukur - II,347,46129.7,157.79
08-05-2021,27,Kandukur - II,414,52505.8,153.85
10-05-2021,27,Kandukur - II,410,53868.4,156.31
11-05-2021,27,Kandukur - II,314,40883.3,153.38
12-05-2021,27,Kandukur - II,347,45952.8,153.27
13-05-2021,27,Kandukur - II,445,59468.3,155.63
31-05-2021,27,Kandukur - II,319,41602.9,149.17
01-06-2021,27,Kandukur - II,260,32935.6,145.14
02-06-2021,27,Kandukur - II,216,27929.6,144.26
03-06-2021,27,Kandukur - II,309,41776.8,147.08
04-06-2021,27,Kandukur - II,362,48290.5,145.37
05-06-2021,27,Kandukur - II,353,46753,148.48
07-06-2021,27,Kandukur - II,398,51155.7,154.02
08-06-2021,27,Kandukur - II,302,39712.4,148.77
09-06-2021,27,Kandukur - II,340,44177.7,152.6
10-06-2021,27,Kandukur - II,532,68051.3,152.9
11-06-2021,27,Kandukur - II,465,60418.4,148.66
12-06-2021,27,Kandukur - II,591,76455.4,148.73
14-06-2021,27,Kandukur - II,665,85809.8,147.56
15-06-2021,27,Kandukur - II,620,77589.7,144.96
16-06-2021,27,Kandukur - II,662,84021.3,144.52
17-06-2021,27,Kandukur - II,750,96096.6,145.07
18-06-2021,27,Kandukur - II,628,80797.8,149.95
19-06-2021,27,Kandukur - II,664,81957.5,143.88
21-06-2021,27,Kandukur - II,625,79531.9,147.29
22-06-2021,27,Kandukur - II,586,77103.4,144.1
23-06-2021,27,Kandukur - II,744,94234.9,150.73
24-06-2021,27,Kandukur - II,561,70659.7,147.44
25-06-2021,27,Kandukur - II,533,68612.5,150.62
26-06-2021,27,Kandukur - II,423,52948.6,144.91
28-06-2021,27,Kandukur - II,809,100779.7,146.52
29-06-2021,27,Kandukur - II,853,108843.3,150.4
30-06-2021,27,Kandukur - II,920,115859.2,150.61
01-07-2021,27,Kandukur - II,859,109881.5,148.66
02-07-2021,27,Kandukur - II,646,85476.4,158.34
03-07-2021,27,Kandukur - II,621,75765.9,141.47
05-07-2021,27,Kandukur - II,505,61613.4,139.01
06-07-2021,27,Kandukur - II,623,75962.7,133.07
07-07-2021,27,Kandukur - II,910,114689.5,147.93
08-07-2021,27,Kandukur - II,696,89084,144.17
09-07-2021,27,Kandukur - II,790,98624.9,147.31
10-07-2021,27,Kandukur - II,732,91411.1,143.57
12-07-2021,27,Kandukur - II,869,104927.6,133.74
13-07-2021,27,Kandukur - II,974,114301.7,131.06
14-07-2021,27,Kandukur - II,889,106341.7,126.27
15-07-2021,27,Kandukur - II,697,85707,135.34
16-07-2021,27,Kandukur - II,812,91109.4,114.59
17-07-2021,27,Kandukur - II,363,41814.5,103.67
19-07-2021,27,Kandukur - II,572,66377.3,114.17
20-07-2021,27,Kandukur - II,773,88297.8,126.89
22-07-2021,27,Kandukur - II,919,105018,102.43
23-07-2021,27,Kandukur - II,531,59546.7,102.03
24-07-2021,27,Kandukur - II,609,69838.7,98.42
26-07-2021,27,Kandukur - II,663,72876.2,98.49
27-07-2021,27,Kandukur - II,541,58731.8,94.82
28-07-2021,27,Kandukur - II,460,51831.8,96.04
29-07-2021,27,Kandukur - II,359,40095.1,103.02
30-07-2021,27,Kandukur - II,915,97546.2,56.2
31-07-2021,27,Kandukur - II,699,72949.7,57.15
02-08-2021,27,Kandukur - II,1153,113686.1,49.84
15-03-2021,28,Kaligiri,18,2451.3,180
16-03-2021,28,Kaligiri,14,1939,179.1
17-03-2021,28,Kaligiri,23,2889.5,178.3
18-03-2021,28,Kaligiri,55,6879.2,174.72
19-03-2021,28,Kaligiri,34,4433.2,173.82
20-03-2021,28,Kaligiri,9,1254.3,177.82
22-03-2021,28,Kaligiri,78,10045.7,178.15
23-03-2021,28,Kaligiri,62,7720.9,179.94
24-03-2021,28,Kaligiri,101,13286.3,179.08
25-03-2021,28,Kaligiri,144,18583.8,178.84
26-03-2021,28,Kaligiri,97,12394.3,177.43
27-03-2021,28,Kaligiri,56,7126.1,177.41
29-03-2021,28,Kaligiri,259,32510.9,175.01
30-03-2021,28,Kaligiri,220,28206.4,174.66
31-03-2021,28,Kaligiri,201,25333.9,170.38
01-04-2021,28,Kaligiri,187,24202.8,164.79
03-04-2021,28,Kaligiri,247,31176.9,166.53
05-04-2021,28,Kaligiri,266,33785.1,173.1
06-04-2021,28,Kaligiri,196,24133.6,172.66
07-04-2021,28,Kaligiri,141,18523.8,167.34
09-04-2021,28,Kaligiri,237,30083.7,165.46
10-04-2021,28,Kaligiri,230,29463.1,165.85
12-04-2021,28,Kaligiri,221,28611.5,162.6
15-04-2021,28,Kaligiri,129,17045.9,161.66
16-04-2021,28,Kaligiri,244,32179.8,161.52
17-04-2021,28,Kaligiri,136,16378,162.84
19-04-2021,28,Kaligiri,167,22476.1,161.46
20-04-2021,28,Kaligiri,255,32119.5,160.18
22-04-2021,28,Kaligiri,299,38406.9,160.05
23-04-2021,28,Kaligiri,189,24463.4,159.21
24-04-2021,28,Kaligiri,136,17491,155.04
26-04-2021,28,Kaligiri,330,41840.5,157.09
27-04-2021,28,Kaligiri,211,26119.9,160.17
28-04-2021,28,Kaligiri,266,35783.9,161.95
29-04-2021,28,Kaligiri,233,29685.6,158.45
30-04-2021,28,Kaligiri,491,63322.7,161.26
03-05-2021,28,Kaligiri,267,34256.4,150.53
04-05-2021,28,Kaligiri,232,29753.3,152.34
05-05-2021,28,Kaligiri,262,33090.4,153.95
06-05-2021,28,Kaligiri,58,7502.1,154.88
07-05-2021,28,Kaligiri,137,17347.5,153.38
08-05-2021,28,Kaligiri,48,6593.6,153.19
31-05-2021,28,Kaligiri,134,17834.3,146.98
01-06-2021,28,Kaligiri,133,17301,151.23
02-06-2021,28,Kaligiri,161,20416,152.53
03-06-2021,28,Kaligiri,287,36418.6,157.09
04-06-2021,28,Kaligiri,259,33010.1,151.6
05-06-2021,28,Kaligiri,290,37062.2,150.35
07-06-2021,28,Kaligiri,332,40700,155.69
08-06-2021,28,Kaligiri,239,30261.6,155.98
09-06-2021,28,Kaligiri,236,30848,153.47
10-06-2021,28,Kaligiri,323,40027.9,152.63
11-06-2021,28,Kaligiri,374,45876.6,155.35
12-06-2021,28,Kaligiri,347,42974.7,144.28
14-06-2021,28,Kaligiri,380,45871.3,145.65
15-06-2021,28,Kaligiri,403,48226.5,150.61
16-06-2021,28,Kaligiri,379,44596.3,143.33
17-06-2021,28,Kaligiri,311,39606.1,142.82
18-06-2021,28,Kaligiri,459,55430.1,147.88
19-06-2021,28,Kaligiri,459,54614.6,148.29
21-06-2021,28,Kaligiri,381,46291.8,144.22
22-06-2021,28,Kaligiri,448,53363.4,136.71
24-06-2021,28,Kaligiri,382,45664.2,149.46
25-06-2021,28,Kaligiri,416,49783.8,137.84
26-06-2021,28,Kaligiri,263,33307.2,142.65
28-06-2021,28,Kaligiri,433,51336.9,146.09
29-06-2021,28,Kaligiri,402,47627.9,142.88
30-06-2021,28,Kaligiri,311,37703.8,144.55
01-07-2021,28,Kaligiri,414,49229.6,140.72
02-07-2021,28,Kaligiri,315,37717.8,147.14
03-07-2021,28,Kaligiri,544,63801,137.81
05-07-2021,28,Kaligiri,312,40702.2,145.44
07-07-2021,28,Kaligiri,229,28344.1,154.54
08-07-2021,28,Kaligiri,251,27805,127.81
09-07-2021,28,Kaligiri,439,52794.3,139.56
10-07-2021,28,Kaligiri,378,47415.4,151.38
12-07-2021,28,Kaligiri,675,79164.1,142.82
13-07-2021,28,Kaligiri,671,78303.8,142.32
14-07-2021,28,Kaligiri,792,92826,137.7
15-07-2021,28,Kaligiri,381,47875.6,141.62
16-07-2021,28,Kaligiri,364,43737,148.32
17-07-2021,28,Kaligiri,652,73554.7,128.8
19-07-2021,28,Kaligiri,413,46512.7,133.63
20-07-2021,28,Kaligiri,322,36831,128.22
22-07-2021,28,Kaligiri,518,60435.7,133.18
23-07-2021,28,Kaligiri,523,61378.7,112.62
24-07-2021,28,Kaligiri,626,67282.6,100.86
26-07-2021,28,Kaligiri,520,53457.8,95.88
27-07-2021,28,Kaligiri,836,79256.7,71.52
28-07-2021,28,Kaligiri,614,58497.4,68.41
15-03-2021,29,D.C. Palli,18,2397,180
16-03-2021,29,D.C. Palli,29,4033.9,180
17-03-2021,29,D.C. Palli,20,2714.9,177.24
18-03-2021,29,D.C. Palli,101,13789.2,177.1
19-03-2021,29,D.C. Palli,53,6924.4,176.11
20-03-2021,29,D.C. Palli,173,22406.1,170.62
22-03-2021,29,D.C. Palli,128,17002.3,175.57
23-03-2021,29,D.C. Palli,197,26101.6,176.83
24-03-2021,29,D.C. Palli,164,21973.6,175.79
25-03-2021,29,D.C. Palli,350,46899,178.06
26-03-2021,29,D.C. Palli,335,44266.3,178.89
27-03-2021,29,D.C. Palli,326,43172.8,178.47
29-03-2021,29,D.C. Palli,611,80093.2,177.53
30-03-2021,29,D.C. Palli,480,63524.9,175.58
31-03-2021,29,D.C. Palli,429,58459.1,167.52
01-04-2021,29,D.C. Palli,512,68775.9,172.38
03-04-2021,29,D.C. Palli,535,70859.8,170.43
05-04-2021,29,D.C. Palli,421,56889,172.98
06-04-2021,29,D.C. Palli,376,50632.9,171.6
07-04-2021,29,D.C. Palli,584,78524.1,166.83
09-04-2021,29,D.C. Palli,216,29866.4,156.54
10-04-2021,29,D.C. Palli,208,28375.9,164.1
12-04-2021,29,D.C. Palli,276,37889.6,156.08
15-04-2021,29,D.C. Palli,216,27931.5,146.94
16-04-2021,29,D.C. Palli,229,30540.9,156.46
17-04-2021,29,D.C. Palli,154,19903.8,154.11
19-04-2021,29,D.C. Palli,322,42745.7,152.28
23-04-2021,29,D.C. Palli,215,28684.3,148.26
24-04-2021,29,D.C. Palli,272,36902.6,148.35
26-04-2021,29,D.C. Palli,229,29713.2,148.8
27-04-2021,29,D.C. Palli,185,25388,156.98
28-04-2021,29,D.C. Palli,288,38204.9,151.67
29-04-2021,29,D.C. Palli,443,60388.8,162.08
30-04-2021,29,D.C. Palli,164,22179.3,147.19
03-05-2021,29,D.C. Palli,263,35492.1,148.25
04-05-2021,29,D.C. Palli,56,7484.6,149.45
05-05-2021,29,D.C. Palli,300,40854.1,151.33
07-05-2021,29,D.C. Palli,418,55819,148.05
08-05-2021,29,D.C. Palli,105,14547.5,155.79
31-05-2021,29,D.C. Palli,169,22345.6,154.95
01-06-2021,29,D.C. Palli,151,20042.1,143.35
02-06-2021,29,D.C. Palli,285,37535.1,143.22
03-06-2021,29,D.C. Palli,256,34101.4,149.65
04-06-2021,29,D.C. Palli,207,28371.1,151.95
05-06-2021,29,D.C. Palli,250,31555.3,143.4
07-06-2021,29,D.C. Palli,270,35931.2,145.46
08-06-2021,29,D.C. Palli,316,42699.5,153.53
09-06-2021,29,D.C. Palli,264,35358.2,150.15
10-06-2021,29,D.C. Palli,301,39259.5,143.82
11-06-2021,29,D.C. Palli,584,75392.6,144.54
12-06-2021,29,D.C. Palli,403,53130.7,153.76
14-06-2021,29,D.C. Palli,563,73724.2,149.8
15-06-2021,29,D.C. Palli,646,83684.7,157.53
16-06-2021,29,D.C. Palli,490,59669.5,146.26
17-06-2021,29,D.C. Palli,472,60459.6,140.65
18-06-2021,29,D.C. Palli,545,69453.5,148.02
19-06-2021,29,D.C. Palli,618,78744.5,144.47
21-06-2021,29,D.C. Palli,492,60203.2,137.62
22-06-2021,29,D.C. Palli,501,63420.6,149.14
23-06-2021,29,D.C. Palli,668,85655.1,145.33
24-06-2021,29,D.C. Palli,716,92107.8,152.93
25-06-2021,29,D.C. Palli,477,57890.9,148.01
26-06-2021,29,D.C. Palli,404,51954.5,141.8
28-06-2021,29,D.C. Palli,540,67574.6,142.63
29-06-2021,29,D.C. Palli,572,73354.4,147.33
30-06-2021,29,D.C. Palli,658,84683,149.73
01-07-2021,29,D.C. Palli,627,81159,152.87
02-07-2021,29,D.C. Palli,386,49288.7,156.02
03-07-2021,29,D.C. Palli,269,34492.2,152.81
05-07-2021,29,D.C. Palli,637,79306.4,147.67
06-07-2021,29,D.C. Palli,335,42561.6,140.95
07-07-2021,29,D.C. Palli,587,73231,145.16
08-07-2021,29,D.C. Palli,547,65153.4,136.18
09-07-2021,29,D.C. Palli,544,69556.1,148.25
10-07-2021,29,D.C. Palli,566,70839.2,146.68
12-07-2021,29,D.C. Palli,863,101266.4,132.51
13-07-2021,29,D.C. Palli,597,71493.5,127.8
14-07-2021,29,D.C. Palli,564,63799.1,121.07
15-07-2021,29,D.C. Palli,533,62942,120.73
16-07-2021,29,D.C. Palli,430,47777.9,128.8
17-07-2021,29,D.C. Palli,551,62835.2,123.41
19-07-2021,29,D.C. Palli,569,65414.1,125.28
20-07-2021,29,D.C. Palli,617,73025.8,127.63
22-07-2021,29,D.C. Palli,571,60960.4,107.35
23-07-2021,29,D.C. Palli,945,104407.1,117.26
24-07-2021,29,D.C. Palli,789,84930.7,99.83
27-07-2021,29,D.C. Palli,670,74357,120.2
28-07-2021,29,D.C. Palli,700,74391.6,82.17
29-07-2021,29,D.C. Palli,633,65421.6,81.27
30-07-2021,29,D.C. Palli,264,24868.8,55.61
31-07-2021,29,D.C. Palli,44,3628.5,20.82
24-03-2021,30,koyyalagudem,18,2489.2,184.94
25-03-2021,30,koyyalagudem,56,7868.2,171.58
26-03-2021,30,koyyalagudem,108,14729.3,170.2
27-03-2021,30,koyyalagudem,69,9303.6,168.21
29-03-2021,30,koyyalagudem,77,10284.7,166.04
30-03-2021,30,koyyalagudem,137,18293.4,169.78
31-03-2021,30,koyyalagudem,129,16896.7,172.7
01-04-2021,30,koyyalagudem,99,13398.5,174.05
03-04-2021,30,koyyalagudem,138,17894.6,170.41
05-04-2021,30,koyyalagudem,160,20192.7,163.65
06-04-2021,30,koyyalagudem,528,69291.4,172.76
07-04-2021,30,koyyalagudem,354,44975.2,165.83
09-04-2021,30,koyyalagudem,330,42279.8,164.61
10-04-2021,30,koyyalagudem,178,22441,161.83
15-04-2021,30,koyyalagudem,375,49714.9,170.7
16-04-2021,30,koyyalagudem,382,50836.7,171.16
17-04-2021,30,koyyalagudem,192,24680.1,166.01
19-04-2021,30,koyyalagudem,412,53193.7,166.95
20-04-2021,30,koyyalagudem,432,56066.1,164.69
22-04-2021,30,koyyalagudem,449,57372.8,165.35
23-04-2021,30,koyyalagudem,750,97466.3,167.2
24-04-2021,30,koyyalagudem,620,80455.3,163.86
26-04-2021,30,koyyalagudem,649,82603.7,162.13
27-04-2021,30,koyyalagudem,539,68652.9,159.22
28-04-2021,30,koyyalagudem,482,61817.2,159.06
29-04-2021,30,koyyalagudem,605,79337.4,161.49
30-04-2021,30,koyyalagudem,203,26104.7,164.01
03-05-2021,30,koyyalagudem,250,32774.9,163.7
04-05-2021,30,koyyalagudem,316,41585.9,163.05
05-05-2021,30,koyyalagudem,236,30837.4,161.35
06-05-2021,30,koyyalagudem,239,31074.9,164.8
07-05-2021,30,koyyalagudem,127,16521.1,159.43
08-05-2021,30,koyyalagudem,96,12237.7,163.71
10-05-2021,30,koyyalagudem,263,34085.8,160.63
11-05-2021,30,koyyalagudem,404,51876.6,164.35
12-05-2021,30,koyyalagudem,154,20120.6,164.43
31-05-2021,30,koyyalagudem,360,47292.8,167.72
01-06-2021,30,koyyalagudem,429,56040.5,173.55
02-06-2021,30,koyyalagudem,568,73537.3,172.65
03-06-2021,30,koyyalagudem,649,83555.8,169.92
04-06-2021,30,koyyalagudem,581,75299.7,170.23
05-06-2021,30,koyyalagudem,554,69781.3,167.89
07-06-2021,30,koyyalagudem,583,73362.4,167.01
08-06-2021,30,koyyalagudem,736,94223.7,167.7
09-06-2021,30,koyyalagudem,469,60988.7,167.09
10-06-2021,30,koyyalagudem,637,81415.7,167.57
11-06-2021,30,koyyalagudem,853,107703.5,163.19
12-06-2021,30,koyyalagudem,441,55994.5,161.08
14-06-2021,30,koyyalagudem,969,126042.1,167.97
15-06-2021,30,koyyalagudem,857,112579.8,167.16
16-06-2021,30,koyyalagudem,690,89004,165.84
17-06-2021,30,koyyalagudem,206,26652.6,166.94
18-06-2021,30,koyyalagudem,337,43700.3,169.45
19-06-2021,30,koyyalagudem,98,12370.2,165.79
21-06-2021,30,koyyalagudem,639,83376.6,165.4
22-06-2021,30,koyyalagudem,537,68116.4,167.23
23-06-2021,30,koyyalagudem,609,77350.1,170.11
24-06-2021,30,koyyalagudem,614,78382,169.38
25-06-2021,30,koyyalagudem,899,114382.7,165.17
26-06-2021,30,koyyalagudem,241,31062.7,162.98
28-06-2021,30,koyyalagudem,649,84153.3,167.93
29-06-2021,30,koyyalagudem,989,128185.1,169.56
30-06-2021,30,koyyalagudem,831,108893.7,165.75
01-07-2021,30,koyyalagudem,546,70163.3,167.25
02-07-2021,30,koyyalagudem,545,70880.2,169.54
03-07-2021,30,koyyalagudem,227,29183,163.93
05-07-2021,30,koyyalagudem,896,115888.7,167.12
06-07-2021,30,koyyalagudem,769,99739.4,165.5
07-07-2021,30,koyyalagudem,784,103054.2,166.79
08-07-2021,30,koyyalagudem,544,70288.4,168.9
09-07-2021,30,koyyalagudem,162,21071.3,161.42
10-07-2021,30,koyyalagudem,256,33328.6,162.26
12-07-2021,30,koyyalagudem,547,71046.4,166.03
13-07-2021,30,koyyalagudem,733,97049.5,169.8
14-07-2021,30,koyyalagudem,820,107275.3,170.11
15-07-2021,30,koyyalagudem,648,85629.7,167.15
16-07-2021,30,koyyalagudem,760,99163.2,168.43
17-07-2021,30,koyyalagudem,259,34404.5,163.57
19-07-2021,30,koyyalagudem,687,89363.7,166.71
20-07-2021,30,koyyalagudem,688,89908.9,170.44
22-07-2021,30,koyyalagudem,647,83387.1,172.07
23-07-2021,30,koyyalagudem,686,90670.2,170.96
24-07-2021,30,koyyalagudem,203,25836.4,161.22
26-07-2021,30,koyyalagudem,859,111043.3,171.74
27-07-2021,30,koyyalagudem,845,110912.5,171.71
28-07-2021,30,koyyalagudem,732,95253.7,170.02
29-07-2021,30,koyyalagudem,971,125508.8,173.31
30-07-2021,30,koyyalagudem,848,111046.5,174.27
31-07-2021,30,koyyalagudem,280,35856.8,169.44
02-08-2021,30,koyyalagudem,915,118586.2,172.7
03-08-2021,30,koyyalagudem,724,92695.2,173.84
04-08-2021,30,koyyalagudem,890,116894.6,175.89
05-08-2021,30,koyyalagudem,997,128619.4,172.2
06-08-2021,30,koyyalagudem,1044,136724.3,172.55
07-08-2021,30,koyyalagudem,346,43645.2,164.71
09-08-2021,30,koyyalagudem,817,104811.8,172.14
10-08-2021,30,koyyalagudem,902,115647.3,172.71
11-08-2021,30,koyyalagudem,815,106312.3,173.62
12-08-2021,30,koyyalagudem,1032,132351,177.24
13-08-2021,30,koyyalagudem,1063,138935.6,175.08
14-08-2021,30,koyyalagudem,870,113719.7,172.85
16-08-2021,30,koyyalagudem,835,109183.5,175.23
17-08-2021,30,koyyalagudem,865,111810,176.08
18-08-2021,30,koyyalagudem,784,98289,166.38
19-08-2021,30,koyyalagudem,858,104030.3,166.74
21-08-2021,30,koyyalagudem,374,46624.9,169.99
23-08-2021,30,koyyalagudem,825,105788,173.27
24-08-2021,30,koyyalagudem,787,100136.9,167.47
25-08-2021,30,koyyalagudem,786,98948.4,163.61
26-08-2021,30,koyyalagudem,842,108172.2,173.43
27-08-2021,30,koyyalagudem,396,49660.1,160.94
28-08-2021,30,koyyalagudem,188,23176,161.15
30-08-2021,30,koyyalagudem,205,25179.8,162.67
31-08-2021,30,koyyalagudem,1117,127262.9,120.44
01-09-2021,30,koyyalagudem,1117,121797,103.53
02-09-2021,30,koyyalagudem,1166,112111.1,69.06
03-09-2021,30,koyyalagudem,1195,121813.7,79.54
04-09-2021,30,koyyalagudem,851,85475.9,87.11
06-09-2021,30,koyyalagudem,975,99727.3,83.63
07-09-2021,30,koyyalagudem,1122,106706.6,73.5
08-09-2021,30,koyyalagudem,1235,120565.8,79.59
09-09-2021,30,koyyalagudem,844,81918.1,66.86
15-03-2021,31,Vellampally-II,18,2451.3,180.12
16-03-2021,31,Vellampally-II,34,4828.7,179.56
17-03-2021,31,Vellampally-II,32,4136.7,176.33
18-03-2021,31,Vellampally-II,79,10366.5,174.1
19-03-2021,31,Vellampally-II,61,8029,174.88
20-03-2021,31,Vellampally-II,146,19756.8,172.05
22-03-2021,31,Vellampally-II,174,24008.4,168.16
23-03-2021,31,Vellampally-II,226,30231.8,173.08
24-03-2021,31,Vellampally-II,124,16488.8,179.57
25-03-2021,31,Vellampally-II,106,14367.1,179.08
26-03-2021,31,Vellampally-II,140,19374.7,172.9
27-03-2021,31,Vellampally-II,179,24157.3,171.59
29-03-2021,31,Vellampally-II,198,27174.4,170.9
30-03-2021,31,Vellampally-II,299,40240.3,168.93
31-03-2021,31,Vellampally-II,335,45743.7,164.89
01-04-2021,31,Vellampally-II,258,35435.9,165.98
03-04-2021,31,Vellampally-II,275,35545.2,176.78
05-04-2021,31,Vellampally-II,355,47003.2,163.91
06-04-2021,31,Vellampally-II,340,45220.2,161.28
07-04-2021,31,Vellampally-II,263,35118.8,168.02
09-04-2021,31,Vellampally-II,355,48416.9,161.98
10-04-2021,31,Vellampally-II,286,38082.9,155.14
12-04-2021,31,Vellampally-II,333,44384.9,155.81
15-04-2021,31,Vellampally-II,362,48017.3,140.86
16-04-2021,31,Vellampally-II,301,39737.8,147.49
17-04-2021,31,Vellampally-II,248,33010.4,163.95
19-04-2021,31,Vellampally-II,328,39738.4,141.86
20-04-2021,31,Vellampally-II,287,37311.3,146.4
22-04-2021,31,Vellampally-II,226,29443.7,150.31
23-04-2021,31,Vellampally-II,268,35944.6,149.81
24-04-2021,31,Vellampally-II,147,18902.8,147.78
26-04-2021,31,Vellampally-II,234,30375.5,147.96
27-04-2021,31,Vellampally-II,365,46272.1,138.16
28-04-2021,31,Vellampally-II,394,49426.8,134.2
29-04-2021,31,Vellampally-II,251,32885.2,154.98
30-04-2021,31,Vellampally-II,408,49741.9,146.59
03-05-2021,31,Vellampally-II,349,45154.4,145.52
04-05-2021,31,Vellampally-II,341,44582.6,148.77
05-05-2021,31,Vellampally-II,259,33822,145.48
06-05-2021,31,Vellampally-II,327,41703.8,133.63
07-05-2021,31,Vellampally-II,483,61982.9,144.2
08-05-2021,31,Vellampally-II,409,52449.3,132.86
10-05-2021,31,Vellampally-II,265,33292,129.28
11-05-2021,31,Vellampally-II,262,34597,144.04
12-05-2021,31,Vellampally-II,230,28695.4,152.33
13-05-2021,31,Vellampally-II,365,45939.9,140.37
31-05-2021,31,Vellampally-II,297,38683,147.38
01-06-2021,31,Vellampally-II,297,39994.3,146.34
02-06-2021,31,Vellampally-II,236,30618.2,137.39
03-06-2021,31,Vellampally-II,362,46545.8,151.09
04-06-2021,31,Vellampally-II,320,40879.6,147.99
05-06-2021,31,Vellampally-II,319,40160.5,140.19
07-06-2021,31,Vellampally-II,654,84827.3,149.17
08-06-2021,31,Vellampally-II,674,87389.4,148.37
09-06-2021,31,Vellampally-II,695,90693.7,148.99
10-06-2021,31,Vellampally-II,800,102404.7,149.83
11-06-2021,31,Vellampally-II,637,81098.1,143.79
12-06-2021,31,Vellampally-II,610,75518.8,148.19
14-06-2021,31,Vellampally-II,846,107387.2,142.35
15-06-2021,31,Vellampally-II,889,111225.1,148.06
16-06-2021,31,Vellampally-II,733,93223.8,142.65
17-06-2021,31,Vellampally-II,657,83315.1,147.23
18-06-2021,31,Vellampally-II,887,110528.7,147.69
19-06-2021,31,Vellampally-II,796,97513,141.57
21-06-2021,31,Vellampally-II,675,84464.8,146.56
22-06-2021,31,Vellampally-II,879,116776.5,155.41
23-06-2021,31,Vellampally-II,877,115857.3,152.95
24-06-2021,31,Vellampally-II,881,110823.9,155.07
25-06-2021,31,Vellampally-II,645,81391.5,145.35
26-06-2021,31,Vellampally-II,604,77399.6,154.83
28-06-2021,31,Vellampally-II,816,110123.2,159.84
29-06-2021,31,Vellampally-II,740,97849.7,158.1
30-06-2021,31,Vellampally-II,594,79190.5,157.34
01-07-2021,31,Vellampally-II,540,70171.1,155.78
02-07-2021,31,Vellampally-II,677,84217.9,146.42
03-07-2021,31,Vellampally-II,823,109297.1,161.99
05-07-2021,31,Vellampally-II,614,81643.6,158.75
06-07-2021,31,Vellampally-II,860,114593,161.5
07-07-2021,31,Vellampally-II,708,92803,149.88
08-07-2021,31,Vellampally-II,693,90568.5,156.49
09-07-2021,31,Vellampally-II,778,104684.1,158.19
10-07-2021,31,Vellampally-II,693,92201.4,158.11
12-07-2021,31,Vellampally-II,982,125348.6,152.98
13-07-2021,31,Vellampally-II,987,128153.1,156
14-07-2021,31,Vellampally-II,772,101132.2,154.86
15-07-2021,31,Vellampally-II,808,107755.9,158.21
16-07-2021,31,Vellampally-II,761,99435.3,141.12
17-07-2021,31,Vellampally-II,1269,160518.3,152.93
19-07-2021,31,Vellampally-II,821,107496.6,152.11
20-07-2021,31,Vellampally-II,912,117824.4,155.79
22-07-2021,31,Vellampally-II,1006,125277,133.85
23-07-2021,31,Vellampally-II,895,110592.9,135.3
24-07-2021,31,Vellampally-II,907,107967.2,132.22
26-07-2021,31,Vellampally-II,691,86039.2,138.47
27-07-2021,31,Vellampally-II,413,47922,124.97
28-07-2021,31,Vellampally-II,482,58103.6,128.03
29-07-2021,31,Vellampally-II,481,55574.9,105.83
30-07-2021,31,Vellampally-II,750,84030.2,96.36
31-07-2021,31,Vellampally-II,1280,134620,90.98
02-08-2021,31,Vellampally-II,1633,176129.8,79.36
03-08-2021,31,Vellampally-II,1108,120509.8,87.73
04-08-2021,31,Vellampally-II,1584,155197.8,60.4
05-08-2021,31,Vellampally-II,161,15939.5,61.84
24-03-2021,32,J.R. Gudem- II,18,2540.8,184.84
25-03-2021,32,J.R. Gudem- II,58,7756,181.65
26-03-2021,32,J.R. Gudem- II,165,21797.2,175.72
27-03-2021,32,J.R. Gudem- II,104,13693.6,176.01
29-03-2021,32,J.R. Gudem- II,195,24858.9,171.67
30-03-2021,32,J.R. Gudem- II,298,38413.3,172.57
31-03-2021,32,J.R. Gudem- II,260,33135.6,173.81
01-04-2021,32,J.R. Gudem- II,229,28783.4,168.99
03-04-2021,32,J.R. Gudem- II,150,19480.6,176.64
05-04-2021,32,J.R. Gudem- II,152,19356.4,172.49
06-04-2021,32,J.R. Gudem- II,546,69213.3,174.31
07-04-2021,32,J.R. Gudem- II,378,47579.9,168.87
09-04-2021,32,J.R. Gudem- II,475,60092.3,169.15
10-04-2021,32,J.R. Gudem- II,398,50350.2,169.52
15-04-2021,32,J.R. Gudem- II,412,51572.1,169.65
16-04-2021,32,J.R. Gudem- II,428,54656.8,167.75
17-04-2021,32,J.R. Gudem- II,247,32130.1,168.5
19-04-2021,32,J.R. Gudem- II,461,59752.4,172.77
20-04-2021,32,J.R. Gudem- II,603,77009.6,166.76
22-04-2021,32,J.R. Gudem- II,465,58937.6,166.53
23-04-2021,32,J.R. Gudem- II,749,97299.1,168.56
24-04-2021,32,J.R. Gudem- II,303,38596,168.08
26-04-2021,32,J.R. Gudem- II,647,84055.4,170.72
27-04-2021,32,J.R. Gudem- II,739,93193.3,166.15
28-04-2021,32,J.R. Gudem- II,450,57183.7,166.98
29-04-2021,32,J.R. Gudem- II,713,91798,166
30-04-2021,32,J.R. Gudem- II,689,87541.4,168.09
03-05-2021,32,J.R. Gudem- II,384,49318.2,168.72
04-05-2021,32,J.R. Gudem- II,287,37400,167.65
05-05-2021,32,J.R. Gudem- II,129,16943.2,173.54
06-05-2021,32,J.R. Gudem- II,92,12346.2,175.27
07-05-2021,32,J.R. Gudem- II,325,43207.8,173.87
08-05-2021,32,J.R. Gudem- II,179,23436.1,172.31
10-05-2021,32,J.R. Gudem- II,263,34746.8,171.08
11-05-2021,32,J.R. Gudem- II,472,60584.8,170.38
12-05-2021,32,J.R. Gudem- II,235,30894.7,169.36
31-05-2021,32,J.R. Gudem- II,220,28732.3,174.74
01-06-2021,32,J.R. Gudem- II,375,47674.1,178.06
02-06-2021,32,J.R. Gudem- II,270,35558.9,173.66
03-06-2021,32,J.R. Gudem- II,149,18593.8,172
04-06-2021,32,J.R. Gudem- II,610,80598.2,174.68
05-06-2021,32,J.R. Gudem- II,261,33933.9,174.98
07-06-2021,32,J.R. Gudem- II,718,93104.6,173.72
08-06-2021,32,J.R. Gudem- II,536,67047.6,171.68
09-06-2021,32,J.R. Gudem- II,632,82740.9,173.64
10-06-2021,32,J.R. Gudem- II,519,67284.7,172.53
11-06-2021,32,J.R. Gudem- II,1120,143144,171.97
12-06-2021,32,J.R. Gudem- II,773,97316.3,169.57
14-06-2021,32,J.R. Gudem- II,770,100184.6,171.07
15-06-2021,32,J.R. Gudem- II,567,73270.9,172.86
16-06-2021,32,J.R. Gudem- II,975,125817.7,169.49
17-06-2021,32,J.R. Gudem- II,744,92662.4,167.67
18-06-2021,32,J.R. Gudem- II,520,65681.2,174.77
19-06-2021,32,J.R. Gudem- II,136,17182.6,164.64
21-06-2021,32,J.R. Gudem- II,778,100098,168.44
22-06-2021,32,J.R. Gudem- II,1009,125408.3,170.85
23-06-2021,32,J.R. Gudem- II,1013,131057.8,172.51
24-06-2021,32,J.R. Gudem- II,832,102939.2,170.51
25-06-2021,32,J.R. Gudem- II,553,70052,165.76
26-06-2021,32,J.R. Gudem- II,403,50755.8,168.64
28-06-2021,32,J.R. Gudem- II,941,120768.8,168.29
29-06-2021,32,J.R. Gudem- II,689,86454.3,165.95
30-06-2021,32,J.R. Gudem- II,826,104904.8,165.37
01-07-2021,32,J.R. Gudem- II,520,66096.6,166.93
02-07-2021,32,J.R. Gudem- II,330,41423.2,171.12
03-07-2021,32,J.R. Gudem- II,521,66369.4,172.15
05-07-2021,32,J.R. Gudem- II,534,67783.7,168
06-07-2021,32,J.R. Gudem- II,1048,134377.7,172.76
07-07-2021,32,J.R. Gudem- II,907,117470.2,171.02
08-07-2021,32,J.R. Gudem- II,493,63134.4,174.39
09-07-2021,32,J.R. Gudem- II,570,75325.1,172.58
10-07-2021,32,J.R. Gudem- II,240,30713.7,171.77
12-07-2021,32,J.R. Gudem- II,997,130097.8,172.73
13-07-2021,32,J.R. Gudem- II,556,70434.7,172.96
14-07-2021,32,J.R. Gudem- II,1013,129765,168.92
15-07-2021,32,J.R. Gudem- II,899,117527.9,170.32
16-07-2021,32,J.R. Gudem- II,988,126099.7,171.43
17-07-2021,32,J.R. Gudem- II,444,58212.6,175.08
19-07-2021,32,J.R. Gudem- II,571,70064.4,168.21
20-07-2021,32,J.R. Gudem- II,533,68798.9,172.62
22-07-2021,32,J.R. Gudem- II,165,21630,172.84
23-07-2021,32,J.R. Gudem- II,851,109518.3,173.03
24-07-2021,32,J.R. Gudem- II,531,68190.3,172.02
26-07-2021,32,J.R. Gudem- II,321,40539.7,170.72
27-07-2021,32,J.R. Gudem- II,416,52661.1,170.61
28-07-2021,32,J.R. Gudem- II,742,94685.1,174.46
29-07-2021,32,J.R. Gudem- II,471,60575.1,177.95
30-07-2021,32,J.R. Gudem- II,916,115911.5,174.31
31-07-2021,32,J.R. Gudem- II,611,76365.9,172.11
02-08-2021,32,J.R. Gudem- II,1347,171496.6,174.07
03-08-2021,32,J.R. Gudem- II,1024,128341.8,171.55
04-08-2021,32,J.R. Gudem- II,980,122775.1,173.24
05-08-2021,32,J.R. Gudem- II,1155,144498.3,171.85
06-08-2021,32,J.R. Gudem- II,908,115906.1,173.65
07-08-2021,32,J.R. Gudem- II,417,52161.8,168.92
09-08-2021,32,J.R. Gudem- II,1229,151373.8,171.36
10-08-2021,32,J.R. Gudem- II,880,110489.7,173.47
11-08-2021,32,J.R. Gudem- II,958,116580.9,166.95
12-08-2021,32,J.R. Gudem- II,893,112080.2,171.59
13-08-2021,32,J.R. Gudem- II,890,106758.7,166.04
14-08-2021,32,J.R. Gudem- II,324,37813.2,160.51
16-08-2021,32,J.R. Gudem- II,409,49783.9,168.5
17-08-2021,32,J.R. Gudem- II,738,87996.4,165.66
18-08-2021,32,J.R. Gudem- II,533,65914.7,162.7
19-08-2021,32,J.R. Gudem- II,435,49761.2,156.68
21-08-2021,32,J.R. Gudem- II,224,25570.3,145.79
23-08-2021,32,J.R. Gudem- II,554,62657.1,153.94
24-08-2021,32,J.R. Gudem- II,354,41632.5,157.55
25-08-2021,32,J.R. Gudem- II,261,30376.3,151.88
26-08-2021,32,J.R. Gudem- II,235,29662,165.71
27-08-2021,32,J.R. Gudem- II,154,17641.3,146.48
28-08-2021,32,J.R. Gudem- II,371,35856,57.38
30-08-2021,32,J.R. Gudem- II,1459,133951.1,60.06
31-08-2021,32,J.R. Gudem- II,1599,153653.3,62.04
01-09-2021,32,J.R. Gudem- II,1287,119082,56.63
02-09-2021,32,J.R. Gudem- II,1502,141286.6,53.44
24-03-2021,33,Gopalapuram,18,2511.7,184.61
25-03-2021,33,Gopalapuram,26,3652,179.57
26-03-2021,33,Gopalapuram,58,7638.9,173.96
27-03-2021,33,Gopalapuram,46,6315.8,173.17
29-03-2021,33,Gopalapuram,48,6152.4,167.22
30-03-2021,33,Gopalapuram,80,10944,170.91
31-03-2021,33,Gopalapuram,104,14223.9,175.34
01-04-2021,33,Gopalapuram,135,17683.8,171.12
03-04-2021,33,Gopalapuram,98,13281.7,176.36
05-04-2021,33,Gopalapuram,197,25283.7,167.96
06-04-2021,33,Gopalapuram,402,54177.9,172.73
07-04-2021,33,Gopalapuram,392,52116.3,167.92
09-04-2021,33,Gopalapuram,317,42165.1,165.32
10-04-2021,33,Gopalapuram,168,21552.8,168.57
15-04-2021,33,Gopalapuram,267,35814.7,172.58
16-04-2021,33,Gopalapuram,294,39555.5,174.52
17-04-2021,33,Gopalapuram,200,26957,176.62
19-04-2021,33,Gopalapuram,379,50232.7,174.24
20-04-2021,33,Gopalapuram,352,46894,174.01
22-04-2021,33,Gopalapuram,355,47026.6,174.55
23-04-2021,33,Gopalapuram,542,73462.7,177.49
24-04-2021,33,Gopalapuram,305,39996.6,170.69
26-04-2021,33,Gopalapuram,377,50592.6,170.48
27-04-2021,33,Gopalapuram,590,78901.3,172.44
28-04-2021,33,Gopalapuram,568,75816.8,170.47
29-04-2021,33,Gopalapuram,456,60412.3,170.8
30-04-2021,33,Gopalapuram,599,80311.7,167.4
03-05-2021,33,Gopalapuram,221,29932.1,170.21
04-05-2021,33,Gopalapuram,244,32163.6,166.22
05-05-2021,33,Gopalapuram,152,20259.6,165.91
06-05-2021,33,Gopalapuram,108,14214.2,167.25
07-05-2021,33,Gopalapuram,369,49215.3,164.78
08-05-2021,33,Gopalapuram,58,7205.1,162.74
10-05-2021,33,Gopalapuram,42,5397.2,169.18
11-05-2021,33,Gopalapuram,249,33144.5,164.19
12-05-2021,33,Gopalapuram,137,17721.8,168.4
31-05-2021,33,Gopalapuram,201,26242.8,169.4
01-06-2021,33,Gopalapuram,170,22668.1,175.78
02-06-2021,33,Gopalapuram,204,26731.1,176.48
03-06-2021,33,Gopalapuram,197,26808.2,181.25
04-06-2021,33,Gopalapuram,433,56950.6,176.2
05-06-2021,33,Gopalapuram,220,28914.1,173.6
07-06-2021,33,Gopalapuram,521,67690.7,169.09
08-06-2021,33,Gopalapuram,509,67175.6,172.18
09-06-2021,33,Gopalapuram,486,64009,171.76
10-06-2021,33,Gopalapuram,410,53808.3,171.63
11-06-2021,33,Gopalapuram,641,82608.2,173.44
12-06-2021,33,Gopalapuram,400,51297.7,167.56
14-06-2021,33,Gopalapuram,420,56200.2,173.29
15-06-2021,33,Gopalapuram,766,101904.4,174.76
16-06-2021,33,Gopalapuram,1060,140658.9,172.6
17-06-2021,33,Gopalapuram,671,88515,172.63
18-06-2021,33,Gopalapuram,322,41652.2,172.2
19-06-2021,33,Gopalapuram,47,6013.2,170.85
21-06-2021,33,Gopalapuram,408,54405.1,171.7
22-06-2021,33,Gopalapuram,742,95809.5,168.98
23-06-2021,33,Gopalapuram,727,93678.5,167.68
24-06-2021,33,Gopalapuram,835,107237.5,168.39
25-06-2021,33,Gopalapuram,674,87351,168.75
26-06-2021,33,Gopalapuram,249,32016.4,164.73
28-06-2021,33,Gopalapuram,332,43286.8,168.62
29-06-2021,33,Gopalapuram,679,89109.5,168.16
30-06-2021,33,Gopalapuram,338,44633.5,172.26
01-07-2021,33,Gopalapuram,321,41364.1,169.34
02-07-2021,33,Gopalapuram,239,31385.4,165.77
03-07-2021,33,Gopalapuram,310,40559.4,164.66
05-07-2021,33,Gopalapuram,581,75281.9,167.46
06-07-2021,33,Gopalapuram,493,64962.6,169.37
07-07-2021,33,Gopalapuram,777,104194.9,167.42
08-07-2021,33,Gopalapuram,642,82659.2,167.21
09-07-2021,33,Gopalapuram,368,48729.6,172.91
10-07-2021,33,Gopalapuram,414,54864,169.06
12-07-2021,33,Gopalapuram,592,79104.9,168.61
13-07-2021,33,Gopalapuram,607,80103.6,171.83
14-07-2021,33,Gopalapuram,556,72210,169.73
15-07-2021,33,Gopalapuram,734,96640.1,168.33
16-07-2021,33,Gopalapuram,703,91064.3,169.81
17-07-2021,33,Gopalapuram,597,77579.1,167.22
19-07-2021,33,Gopalapuram,763,99347.1,167.1
20-07-2021,33,Gopalapuram,383,50406.3,167.81
22-07-2021,33,Gopalapuram,272,36833.6,176.18
23-07-2021,33,Gopalapuram,294,40200.1,181.11
24-07-2021,33,Gopalapuram,813,106570.9,168.65
26-07-2021,33,Gopalapuram,710,93309.4,169.33
27-07-2021,33,Gopalapuram,917,119122.8,169.39
28-07-2021,33,Gopalapuram,533,68987.7,173.37
29-07-2021,33,Gopalapuram,524,68571.1,168.47
30-07-2021,33,Gopalapuram,457,60429.9,175.04
31-07-2021,33,Gopalapuram,515,67437.2,175.97
02-08-2021,33,Gopalapuram,938,122662,170.48
03-08-2021,33,Gopalapuram,898,115292.8,170.42
04-08-2021,33,Gopalapuram,920,120538.8,170.52
05-08-2021,33,Gopalapuram,1092,141208.1,172.54
06-08-2021,33,Gopalapuram,824,107653.2,171.99
07-08-2021,33,Gopalapuram,673,88193.7,173.71
09-08-2021,33,Gopalapuram,1000,131515.8,179.16
10-08-2021,33,Gopalapuram,1179,154182.1,173.85
11-08-2021,33,Gopalapuram,1029,129565.8,166.56
12-08-2021,33,Gopalapuram,862,109533.6,165.4
13-08-2021,33,Gopalapuram,782,101092.2,172.41
14-08-2021,33,Gopalapuram,576,71423,166.12
16-08-2021,33,Gopalapuram,808,103776,173.78
17-08-2021,33,Gopalapuram,509,65307.5,175
18-08-2021,33,Gopalapuram,642,80936,173.42
19-08-2021,33,Gopalapuram,777,94800.2,164.42
21-08-2021,33,Gopalapuram,605,74346.7,163.54
23-08-2021,33,Gopalapuram,560,71185.5,171.13
24-08-2021,33,Gopalapuram,589,76645.2,172.83
25-08-2021,33,Gopalapuram,532,69696.8,171.15
26-08-2021,33,Gopalapuram,514,66717,174.47
27-08-2021,33,Gopalapuram,386,47387,155.14
28-08-2021,33,Gopalapuram,768,92420.3,158.35
30-08-2021,33,Gopalapuram,615,79410.4,169.42
31-08-2021,33,Gopalapuram,210,25966.4,150.05
01-09-2021,33,Gopalapuram,1160,122098.1,86.49
02-09-2021,33,Gopalapuram,1021,108217.1,94.6
03-09-2021,33,Gopalapuram,1336,141987.7,101.39
04-09-2021,33,Gopalapuram,1737,170946.2,79.93
06-09-2021,33,Gopalapuram,1232,120614.4,86.17
15-03-2021,35,Kanigiri,18,2360.2,180
16-03-2021,35,Kanigiri,24,3264.1,180
17-03-2021,35,Kanigiri,27,3588.3,176.91
18-03-2021,35,Kanigiri,112,15129.9,172.54
19-03-2021,35,Kanigiri,86,11462.2,176.66
20-03-2021,35,Kanigiri,128,16471.3,178.39
22-03-2021,35,Kanigiri,177,23852.8,177.92
23-03-2021,35,Kanigiri,252,33822,177.2
24-03-2021,35,Kanigiri,379,50294.9,176.58
25-03-2021,35,Kanigiri,263,35391.2,175.88
26-03-2021,35,Kanigiri,143,18271.4,176.8
27-03-2021,35,Kanigiri,318,41116.3,175.35
29-03-2021,35,Kanigiri,353,46899.2,174.94
30-03-2021,35,Kanigiri,347,47001.5,169.13
31-03-2021,35,Kanigiri,40,5195.2,167.3
01-04-2021,35,Kanigiri,222,30223.9,167.77
03-04-2021,35,Kanigiri,211,28287.2,166.99
05-04-2021,35,Kanigiri,200,26773,167.88
06-04-2021,35,Kanigiri,190,25470.5,167.69
07-04-2021,35,Kanigiri,339,45801.3,164.64
09-04-2021,35,Kanigiri,381,52313,161.6
10-04-2021,35,Kanigiri,271,37081.2,154.59
12-04-2021,35,Kanigiri,243,31847.5,145.5
15-04-2021,35,Kanigiri,274,36713.4,140.22
16-04-2021,35,Kanigiri,309,40023.2,148.59
17-04-2021,35,Kanigiri,176,23763.6,156.78
19-04-2021,35,Kanigiri,335,45897.8,159.17
20-04-2021,35,Kanigiri,192,25904.6,153.8
22-04-2021,35,Kanigiri,88,11967.7,152.91
23-04-2021,35,Kanigiri,153,20901.3,149.47
24-04-2021,35,Kanigiri,118,15633.2,151.53
26-04-2021,35,Kanigiri,358,47741.1,157.02
27-04-2021,35,Kanigiri,237,30821.4,148.95
28-04-2021,35,Kanigiri,215,28862.8,141
29-04-2021,35,Kanigiri,156,20079.2,145.68
30-04-2021,35,Kanigiri,368,49177.1,152.41
06-05-2021,35,Kanigiri,269,36907.8,155.86
07-05-2021,35,Kanigiri,100,12513,144.12
08-05-2021,35,Kanigiri,174,22642.8,143.13
10-05-2021,35,Kanigiri,112,14658.4,150.66
11-05-2021,35,Kanigiri,204,26917.9,146.41
12-05-2021,35,Kanigiri,175,23613.7,139.65
13-05-2021,35,Kanigiri,122,15781.5,147.93
31-05-2021,35,Kanigiri,242,30793,141.8
01-06-2021,35,Kanigiri,184,24164.6,149.14
02-06-2021,35,Kanigiri,140,18490.6,148.18
03-06-2021,35,Kanigiri,211,28654.9,150.81
04-06-2021,35,Kanigiri,174,23357.6,149.41
05-06-2021,35,Kanigiri,301,38426.2,132.97
07-06-2021,35,Kanigiri,399,53438.6,143.29
08-06-2021,35,Kanigiri,345,46053.4,138.7
09-06-2021,35,Kanigiri,374,49306,134.14
10-06-2021,35,Kanigiri,311,37965.8,134.55
11-06-2021,35,Kanigiri,270,33498,140.73
12-06-2021,35,Kanigiri,239,29962.3,141.66
14-06-2021,35,Kanigiri,511,63272,131.88
15-06-2021,35,Kanigiri,518,66205.7,138.55
16-06-2021,35,Kanigiri,533,67231,131.48
17-06-2021,35,Kanigiri,454,54795.8,131.82
18-06-2021,35,Kanigiri,329,42226.9,145.25
19-06-2021,35,Kanigiri,319,38425.9,126.04
21-06-2021,35,Kanigiri,541,67481.2,132.98
22-06-2021,35,Kanigiri,471,58630.3,141.76
23-06-2021,35,Kanigiri,492,61135.1,148.42
24-06-2021,35,Kanigiri,324,38118.1,126.59
25-06-2021,35,Kanigiri,307,38301.7,131.76
26-06-2021,35,Kanigiri,444,55287.1,147.47
28-06-2021,35,Kanigiri,602,76795.9,147.78
29-06-2021,35,Kanigiri,433,51766.5,138.08
30-06-2021,35,Kanigiri,307,37002.7,132.15
01-07-2021,35,Kanigiri,473,59070.5,149.89
02-07-2021,35,Kanigiri,422,53654.3,142.82
03-07-2021,35,Kanigiri,562,73010,149.67
05-07-2021,35,Kanigiri,653,81503.8,141.24
06-07-2021,35,Kanigiri,375,45597.8,128.06
07-07-2021,35,Kanigiri,573,69543.7,132.86
08-07-2021,35,Kanigiri,453,54217.4,117.52
09-07-2021,35,Kanigiri,823,98765.7,117.87
10-07-2021,35,Kanigiri,761,87247.6,109.09
12-07-2021,35,Kanigiri,827,94517.1,112.18
13-07-2021,35,Kanigiri,208,22865.3,115.57
14-07-2021,35,Kanigiri,871,98620.2,105.24
15-07-2021,35,Kanigiri,609,69519.7,113.04
16-07-2021,35,Kanigiri,637,71875.4,98.34
17-07-2021,35,Kanigiri,399,42764.7,101.78
19-07-2021,35,Kanigiri,871,84971.3,54.04
